id,company,ticker,analyst,executive,question,answer,label,rater2_label,notes
1,Wells Fargo,WFC,"Ken Usdin, Autonomous Research","Michael Santomassimo, Chief Financial Officer","Hey, thanks. Good morning. And Mike, thanks for the color on the second half expected NIM trends. 2 questions I have 1 is just again, to get to 50 billion I think we need to assume that the average earning assets continue to grow at around this 3% pace And given your comments about loan growth and the deposit growth, is that kind of what we need to need to foot forward to get there? Any other things we need to think about in terms of within? Thanks.","Yeah. Sure. Yeah. I mean, look. If when you look at what is gonna progress for the second half of the year, it is very similar to what we saw last year. Right, in terms of the step-up as we went through each of the quarters. You do benefit from an extra day as you sort of go into the third quarter, so you sort of have to account for that. But we expect to see some growth in loans, securities, You get the benefit of, you know, the fixed asset turnover given where rates are. And so I think it is all progressing. So it is not a bad assumption sort of relative to what to expect, but we still feel very good about getting to that 50 billion in total.",,,
2,Wells Fargo,WFC,"Ken Usdin, Autonomous Research (follow-up)","Michael Santomassimo, CFO","Got it. And then the second question is just on that NIM stabilizing in the fourth quarter, what are the pieces that kind of get there? Meaning, like, is it that 1 piece slows relative to the growth rate? Is it just that you kind of lap some comps? You know, what are the helpful things underneath that can give us the confidence that stabilization happens?","Yeah. Sure. And, know, we have talked about this a little bit over, like, throughout the quarter, but you know, we do not expect to see the market's balance sheet to grow at the same pace. And so the impact that we have seen over the last, you know, few quarters moderates. And that is certainly part of the story as you get into the latter part of the part of the year. And then I think you continue to get the benefit of all what we just talked about in terms of the growth in earning assets, the repricing, and then you sort of, you know, see the rest of the growth across the, you know, the balance sheet. But at this point, you know, as I said, we expect just a small you know, decline potentially in the third quarter. You know, hopefully, it ends maybe even being better than that, and then we sort of stabilize from there.",,,
3,Wells Fargo,WFC,"John McDonald, Truist Securities","Michael Santomassimo, CFO","Hi, thanks. Yes, I was wondering, Mike, on expenses and efficiency, what is the outlook? I mean, you have done a great job with the outlook on headcount So from here, are you still looking to keep that flat to down? And just the broader commentary about the opportunity for efficiency improvement from here. To keep going. Thanks.","Yeah. Sure. I will I will take a shot and start Charles can add if he wants. The you on the headcount side or just more broadly we still come into the, you know, environment thinking the same thing we have now done now for a number of years, which is we have got a lot of room to go to continue to make the place more efficient. And in part, that drives headcount down. And so the size of our business, the activity levels we have got, we expect that you should we should be able to run this company, you know, with less headcount than we have got today. Certainly, you know, technology and AI helps us get out aspects of that you know, in a different way or faster than maybe in the past, but we expect that we will continue to see more efficiency, you know, from here. Then just more broadly, you know, it applies to just about everything we do. And I know we keep talking about this over and over and over, but as you peel back the onion, there is more opportunity to make things more automated to improve the client experience, to, you know, make more efficient in terms of how we serve clients every day, and I think there is a lot still to go. And we, you know, we are we just come in every day and every week sort of make sure that we continue to execute like we have done over the last few years.",,,
4,Wells Fargo,WFC,"John McDonald, Truist Securities (follow-up)","Michael Santomassimo, CFO","Okay. Thanks. And then maybe just a follow-up on Ken's line of questioning around the net interest income drivers. The change in noninterest bearing from what you saw what you were expecting earlier in the year, Mike, is that related to any developments in your checking account growth, or is it more attributable to rate seeking behavior on customers and just the rate environment? What do you attribute the change in your NIV outlook to?","Yeah. No. it is it is actually not related to the checking account growth. that is actually progressing quite well and is as Charles mentioned, you know, we are up we are up in sort of the checking account growth now for a number of quarters. And months in a row. And so I think that is actually going quite well. I think when you look at just the broader backdrop in terms of the rate environment, we expected a little bit more growth than we are seeing. You know, we did see a little bit of growth you know, from the first quarter and the second quarter, so that is good. But we expect it to be pretty stable from here. You know, we are seeing really good success in growing interest bearing deposits and growing other business with, you know, with clients, you know, in the payments space and the treasury management space. And so those things will bring net interest, noninterest bearing deposits with them over time. It just takes a little bit longer for that stuff to get onboarded and to see the results there. But we are not seeing we are not seeing pricing pressure sort of or client behavior drive any of the results.",,,
5,Wells Fargo,WFC,"Erika Najarian, UBS","Michael Santomassimo, CFO","Hi, good morning. Thanks for all the color so far. As we think about the trajectory of net interest income and net interest margin, I am wondering if we could maybe just take a step back because obviously, there is a lot of focus on this number. But I am wondering if you could sort of separate sort of the structural factors versus the cyclical factors. So you know, first, you know, what are you expecting for deposit costs in the second half of the year? Is there a rate hike priced in? I think you removed the cuts but, Mike, I just want to make sure what you were I understood what you were assuming for the short end. So what should we expect from deposit cost standpoint from here? And additionally, you have 2 strategies that are sort of a competing factors on the NIM. 1 is this great growth in markets, is obviously NIM dilutive. And also strong momentum in card, in theory could be NIM accretive, especially once the accounts mature. So, you know, as we think of all of those facts you know, how should we think about you know, whether or not we should expect more secular pressure on the NIM beyond the macro factors with rates and deposit costs in the second half of the year?","Yeah. Okay. There is a lot in there. So I will, I will try to get it. And if I if I miss a piece, please, please point me in the right direction. So I think when you when you look at what is happening across NIM, obviously, what we have got baked in to the second half of the year is, you know, the market's pricing in a little over a 1 increase at this point. And so I think we will see how that actually plays out, but that will have very little impact on the on the full year results just given, you know, the timing of it depending on when that happens. And so I think that is not like a huge driver 1 way or the other. I think what is what is what is happening in our in our deposit book, though, is that we are seeing the pace of interest bearing deposits grow. At a really good clip, and you can see that in the results quarter after, quarter after quarter. And I think if even if you just look at the CIB and the Corporate and Investment Bank and the commercial bank deposits where you have seen you know, really good deposit growth year on year and sequentially. And the majority of those deposits are gonna be interest bearing deposits. And so since they are growing faster and you are seeing slower growth in the consumer side and pretty stable noninterest bearing deposits, you are gonna see, you know, the deposit cost inch up a little bit. And that is actually fine and expected and frankly, not a bad thing because we are growing these profitable balances, you know, across the business So I would expect the deposit cost to move just move up a little bit as you go in the second half of the year, but ultimately, I think that is actually a good thing from a profitability point of view and supports the broader set of business that we do, you know, with those customers. And then as I sort of mentioned in the commentary, you know, we expect a little bit more, you know, NIM compression in the third quarter, and then things start to stabilize, and you get the benefit of all of the other impacts of, you know, you know, that we have talked about in terms of the earning asset growth, the repricing that is happening across a large portion of the book, of the securities book. And so and all and all of that, I think, contributes quite well. And I think just keep in mind as we sort of look at NII, you know, what we are we are most focused on here is really growing NII over a long period of time that will generate really profitable business and relationship that I think would, you know, we will see, you know, benefit us for you know, for many years to come. And you may see a little bit of volatility in the NIM number, you have seen over the last, you know, few quarters. And that is to be expected just given where we came from last year with the asset cap coming off and the pace of growth that you have seen know, since then.",,,
6,Wells Fargo,WFC,"Erika Najarian, UBS (second follow-up)","Michael Santomassimo, CFO / Charles W. Scharf, CEO","Yep. Hear you loud and clear, Charles. I think that is why I wanted to frame it in terms of you know, structural in growth. And to that end, the second question is just the opportunity set in your areas of where you are focusing growth. So maybe talk a little bit about the investment banking pipeline, but also in terms of the equities opportunity So we are hearing that a lot of your peers are a little bit more limited in terms of prime equity financing capacity given the hyperscaler trade in Asia. Of course, you are not quite big globally yet, and you did mention it in your prepared remarks in terms of financing related activity. Maybe describe a little bit more the prime financing opportunity that lies ahead, especially if the sort of traditional, counterparties, have more limited capacity because of activities outside of The US.","Yeah. it is Mike. Erika, I will start and start on both parts of it. So on the on the investment banking pipeline, you know, the pipeline's quite strong. And I think we see that now very consistently for a while now. And I think, you know, the environment is very supportive of deals. The markets are wide open both on the equity side and sort of the debt side. And I think, you know, the art of the possible on the M&A, you know, in the M&A space is quite alive. Right? And I think there is a lot of active dialogue there. And I think you can see our investment banking, you know, business had a really good quarter. And I think, you know, that all the investments that we have made the last 3 or 4 years have positioned us to take more advantage of this environment more than we would have been able to know, 3, 4, 5 years ago by a lot. And I think we are continuing to make, you know, more investments in, you know, targeted areas across different coverage sectors and in some of product areas. And so we feel good about the trajectory there, and we will see how it how it progresses. And just on the broader question, I would just say, listen. I think, you know, what we have said in the past, you know, still holds true, which is that there is a lot of great competition out there. There are people that are very, very large in some of these businesses, including prime. But what we have found is that people want more options, They want more counterparties. We have relationships with a broad set of these customers, and they generally like doing business with us and so they want to do more. So for us, it is a question of just pacing that addition in terms of the amount of business that we do properly. We are still very, very early in terms of growing out our prime business. So there is nothing really material in this current quarter. Relative to that, but it is an opportunity that, you know, we are gonna be careful about you know, that along with you know, other trading flow opportunities that we have and the investment banking opportunities that we have talked about, we still think are incredibly significant for us.",,,
7,Wells Fargo,WFC,"Ebrahim Poonawala, Bank of America","Michael Santomassimo, CFO","Hey, good morning. So not to beat a dead horse on the margin. And I, the stock obviously sold off when you started talking about your margin outlook. Understand you are not running the bank on a 1-day stock reaction. But maybe I think just a bigger picture question. If we take a step back and, appreciate, Mike, your comments around the trajectory of the NII, which I think is more important than what the NIM does in any given quarter. But as we look forward beyond even this year, do you think the net interest margin given your balance sheet and the business strategy on the going forward, is at a point where the margin should begin to stabilize post the 3Q compression you talked about? And 1 of the pushbacks this morning has been, like, the ex-markets revenue growth predominantly NII driven. So I guess the street is struggling to see the cross sell of deploying that market's balance sheet into lower NIM and then that translating into better fee growth on the markets side. So maybe help us understand that from a market standpoint and then how should we think about this normalized NIM for your balance sheet or business strategy?","Sure. You know, I think on the on the NIM side, know, as I said earlier on the call, you know, we do expect it to stabilize. After you get through the third quarter, and so that is definitely the case. And as Charles mentioned, you know, there is, you know, over a slightly longer time period, like, there is opportunity to expand the NIM, not just stabilize. And so I think that is that is certainly what we expect as we sort of look at, the rest of the year. I think when you start looking at the overall, you know, trading business, there, you certainly see some growth in that NII, but it is not all because of the rate move that we saw. You get the paid, you know, in some of the in some of these trading businesses through NII. You think mortgages, you know, mortgage trading and other areas of the of that business. And so you do really need to look at overall sort of revenue in the markets business. When you look at, you know, the financing, you know, and I will break it down a little bit for you. You look at you know, the financing side of the business, you know, that is up. it is not it is not quite a not quite a double, but it is pretty close when you sort of look at you know, the year on year performance in the overall financing revenue within the business. And then you saw, you know, roughly a 20 plus percent, you know, increase in sort of the trading related revenue you know, off the back of that. And so I think we have seen know, quite a bit of quite a bit of, you know, growth across you know, these, you know, these parts of the business within trading. And then more importantly, when you start looking at the individual clients where we are deploying some of this incremental financing balance sheet to, every single 1 of them, all but a couple, you know, have done significantly more business with us than they did just a year ago. And that is just getting started in terms of ramping up some of the volumes. And so I think you will, you know, you will continue to see that, you know, across the markets business, I think, for into the coming quarters. But we feel really good about what we are seeing and the trend that we are seeing there.",,,
8,Wells Fargo,WFC,"Ebrahim Poonawala, Bank of America (follow-up)","Charles W. Scharf, CEO","So I think that is a great point, Charles. that the NIM is due to the deliberate actions you are taking. And I think the 1 point of discussion that is come up repeatedly with investors over the last month or 2 is no 1 doubts when they think about can Wells achieve higher end of your 17% to 18%, so let's call it 18% RoTCE over the next few years. I think as the street is trying to digest what the execution around this growth strategy may imply, I think the timing of that has become a bit more uncertain, I would say, over the last 6 months. And so to the extent you can address that? Just with your crystal ball, like, how do you think about when you could achieve that target maybe towards that 18%, which also I recall, you have talked about as a waypoint, and we could go even higher than 18%? Maybe if you can provide some color around the timing of how you think about it, I think that would be very helpful to your shareholders. Thank you.","Sure. And listen, I know it is a very busy day, and you guys are trying to juggle lots of different companies. I did talk a little bit about this in my prepared remarks where I talked about the fact that I know that people ask about timing. it is difficult to answer because what I do not want to do--what we do not want to do is a company is give you a definitive date and then have interest rate environment change, the markets environment change, credit change, and then you believe that we have not actually delivered on something, because the fact is we are subject to those things. But assuming that the markets continue to behave and that conditions continue to be favorable. What I said is that you know, we would expect to achieve it in a reasonable time frame. And the 1 other thing I would say, which is as time goes on and from last quarter's underlying performance in our business trends in this quarter's, we feel even more confident about being able to deliver it. What I said in my prepared remarks is that our intention is to get there and then raise the bar higher for the future. So if we did not have the kind of confidence that we can get there in a reasonable period of time, you know, we would not be saying that. And, again, what gives us that confidence is looking at the underlying business drivers that we tried to lay out in the first 2 pages of the presentation, because it is those things which are gonna drive the continued growth of the franchise you know, regardless to some extent of outsized performance in the markets. So I know it is not giving you a definitive time frame, but what I want you to know--I think what is important to read is our confidence is higher, not lower, as each quarter goes by.",,,
9,Wells Fargo,WFC,"Manav Gosalia, Morgan Stanley","Michael Santomassimo, CFO","Hi, good morning. I wanted to dig in a little bit on loan growth Clearly, very strong this quarter. You noted upside to the original loan growth guide for the full year. Can you just walk us through some of the drivers on what you are seeing now? How much of the commercial loan growth reflects high utilization versus new customer activity? And I guess, your willingness and ability to lead more on the auto side going forward?","Sure. I will start maybe on the consumer side, and then I will bring it back on the commercial side. So on the consumer side, you know, we continue to see really good growth in auto. We see steady growth in card. The home lending business is pretty stable at this point. And I think those trends, like, we would expect to continue as you sort of look at the rest of the rest of the year. And so steady as you go in terms of what we have been seeing quarter to quarter there. I think on the commercial loan side, it is really not utilization. You know, we see a little bit in pockets of, like, slightly more utilization here or there, but it is really not, you know, you know, substantially higher utilization of revolvers. It is it is new business we have been bringing on that drives a lot of it in the C&I space. And I think, you know, we will see how the rest of the year progresses, you know, as I mentioned in the script, you know, we know we certainly have seen you know, higher loan growth than what we had assumed in the beginning of the year, and that is a that is a positive. You know, we will have to see how the rest of the year goes. I think, you know, you definitely see tariff refunds coming through impacting some commercial bank clients. In terms of the utilization. You see a bunch of other factors there, but I think it is been it is been good so far, and we will see how progresses for the rest of the for the rest of the year. And, you know, importantly, with that, we are not you know, we are seeing really good you know, performance from a credit perspective across really all the portfolios. And I think that supports, you know, you know, continued sort of execution across each of the businesses and growing, you know, those portfolios.",,,
10,Wells Fargo,WFC,"Manav Gosalia, Morgan Stanley (follow-up)","Michael Santomassimo, CFO","And then maybe on the capital side, 3 billion of buybacks this quarter, little bit below the recent base. How should we think about where you want to manage to in your c d 1 target range? And how should we think about repurchases going forward here?","Sure. I mean, we are we are really comfortable in the range that we put out there. 10 to 10 and a half, really anywhere in that range. We are we are comfortable with And we will we approach buybacks the same way we do every quarter. You know, we look at, you know, what we expect to do from a client perspective and what growth we expect to see across the portfolios and the business. We, you know, think about all the different risks that are out there, including the rate environment and the volatility that may be there and how that impacts capital. And then, you know, we will we will we will make decisions on how much we will buy back each quarter. And so we will sort of keep that you know, progression as we go this quarter, and we will see where we get to. But we certainly as we mentioned, we bought back 7 billion in the in the in the first half of the year, and I think we still have capacity to buy back more as we go. We will make the decision we go in the quarter.",,,
11,Wells Fargo,WFC,"Manav Gosalia, Morgan Stanley (second follow-up, to Scharf)","Michael Santomassimo, CFO","And if I can ask a quick clarification on that So you would need to see the rules being finalized before you act on that lower CET 1 ratio? Or sorry. On the on the higher capital on the ability for the new capital rules to give you more CET1, you would only on that in terms of buybacks or capital deployment once the rules are finalized?","Yeah. I think we need to see the rule get finalized. But we hopefully, that will get done pretty quickly.",,,
12,Wells Fargo,WFC,"Matthew O'Connor, Deutsche Bank","Michael Santomassimo, CFO","Just a quick comment before my question here. As your markets business has gotten bigger, I know you give us the pieces that you could probably calculate it, but showing the NIM ex markets, I think, might be helpful in kind of handful of these questions. Related to it. My question is, the new credit card accounts, as you pointed out, are up sharply post listing of the asset cap. I think it is up 50% to 60% now. In the 4 quarters. Any way to estimate how much of a drag there is from those new cards and related promotions as we think about the credit card yield? And then when does that inflect as the backbulk kind of starts overwhelming the new accounts?","Yeah. So it is as Charles sort of mentioned in his script, like, we have made some you know, intentional decisions to, you know, see the growth like, you know, continue to execute on growing those accounts. And I think you know, the good part about what we have seen now for the last you know, almost 4 quarters, I guess, started really in the third quarter of last year. Is a lot of that a lot of those new accounts are actually coming through our either our branch network or, you know, people coming directly to wellsfargo.com. And so the acquisition cost there are lower than, you know, if you are if you are doing them through, you know, third party affiliates and others. And so that is a really good thing, you know. And with that comes really high quality, you know, accounts. We know these customers. You know, the majority of it is still existing customers that are, you know, coming you know, coming to, you know, us for these, you know, these cards. And so I think that is a good thing. And I think as, you know, those vintages are a little bit bigger than the, you know, the early vintages. And so but overall, we continue to make you know, we will continue to make those decisions as we go quarter to quarter and decide sort of you know, what we are seeing and how happy we are with the quality of it. And I think, you know, both but despite that, I think over the next couple years, will you will see you know, the profitability of that business, you know, just you know, continue to increase, and the return increase in the business, and that is, you know, the way we have been sort of managing it. And then, you know, the yield quarter to quarter, you know, in terms of, you know, what you see from the credit card deal, that will that will move around a little bit depending on sort of what we see from the new acquisitions. But over a longer period of time, you will see that continue to increase as those as those vintages mature, and you transition from the intro, the APRs or the you know, balance transfer APRs into sort of real revolve revolving balances. And that will happen over the next couple of years.",,,
13,Wells Fargo,WFC,"John Pancari, Evercore ISI","Michael Santomassimo, CFO","Morning. I just want to see if you can comment a bit more just around deposit price competition that you are seeing. How is it trending versus your expectations? And then related to that, I know you did comment on the growth expectation on the loan front on the mid single digit side. Do you still confidence around a mid single digit pace growth as you look at your deposit strategy? Thanks.","Yeah. I mean, the short answer on the second part is yes. On the deposits. And again, a little more weighted to interest bearing than non interest bearing as I mentioned, John, but we are seeing, you know, week to week, month to month sort of the growth that we expect there. So I think that is that is good. You know, on the on the pricing competition question, you know, it really has not changed over the last few quarters. Know, on the consumer side, you know, our standard, you know, rates have not moved. We are not seeing, you know, shifts in behavior than what we have seen over the last few quarters there in terms of you know, people yield seeking in any in any way. So I think that is that is good. And then on the commercial side, know, rates are always competitive, but what we have not seen we have not seen rates get more competitive than what we would have expected. Normally, you know, across those businesses, and we are really careful to you know, not overpay to attract And so I think, yeah, we are not we are not seeing that kind of pressure and, you know, there is always there is always an example of, yeah, of something to the contrary to what said. But I think when you look at the vast majority of the activity we are seeing it is all very much right in the fairway of what we would have expected to see.",,,
14,Wells Fargo,WFC,"John Pancari, Evercore ISI (follow-up)","Michael Santomassimo, CFO","And then separately on expenses, I appreciate the color you already gave around efficiency and everything. Can you maybe just give us a little update around the risk and reg area of the of the cost base? I know there is still a fair amount of dedicated to that area. Is this broader area now that a lot of the regulatory issues have been worked through becoming a greater expense lever for you? Thanks.","Yes. Certainly. And I think, you know, we talked about that over the last couple years. Right? As we completed the work and moved past, you know, the consent orders that we had in place, you will see us continue to make that prop those processes that we put in place more efficient. And if you think about where we started this journey 5, 6, 7 years ago now, you know, I think there is better technology. there is better ways to do things. And so the normal streamlining that sort of happens is happening. But that will be a very methodical sort of approach, and you will see that happen over, you know, over time. But it certainly part of some of the efficiency that you are seeing come through in the last couple of quarters.",,,
15,Wells Fargo,WFC,"Chris McGratty, Keefe, Bruyette and Woods","Michael Santomassimo, CFO","Great. Just 1 on credit. it is been questions have been fairly limited on conference calls this quarter and throughout the quarter. Just I guess, a check-in on consumer health of the consumer, anything incremental you may be seeing? And then conversely on the commercial borrower, demand for credit we talked about, but just any signs within the commercial book of weakening or normalization. Thanks.","Yeah. On the on the consumer side, it really is good. You know, the delinquency trends are better than we model most months. Really, every month that we have seen now for the for all year, across each of the portfolios. We are not seeing sign any you know, we are not seeing any cohorts of clients whether you break it by FICO or other ways to look at higher or lower income levels. We are not seeing any of the trends in any of the cohorts change really at all. Certainly not anything meaningful. And so I think, you know, it is supportive of, you know, a good second half of the year, you know, when you think about sort of delinquencies and charge offs. And so I think that is really good, and that supported you know, by, you know, the strong, you know, employment know, picture that we see more broadly, and we have seen, you know, good wage growth to counteract some of the inflationary, you know, issues that we have that we have had. And so overall, you are seeing really good performance on the consumer side. On the commercial side, same. Really, there is no issues that we are seeing, you know, come through the portfolio. there is always you know, individual idiosyncratic issues you might see with an individual borrower. But overall, we are seeing really good credit performance. I think people are still being very cautious about, you know, big investments. They still have more liquidity in most cases than they did know, maybe historically, you know, pre COVID days. Yeah. You are not seeing people, you know, make big investments in terms of hiring lots of people, but you are also not seeing people fire a lot of people, at least in what we can tell in our book. And so I think overall, you know, I think people are managing their liquidity and managing their, you know, overall balance sheets quite well in the commercial side. And so, again, you know, we have not seen anything that would suggest there is a change to that at this point.",,,
16,Wells Fargo,WFC,"David Chiaverini, Jefferies","Michael Santomassimo, CFO","Hi, thanks for taking the question. So you mentioned about the markets business. Asset growth should slow in the second half. Is that a function of this business getting to your comfort level? And then from there, the markets business asset growth should be in line with overall balance sheet growth?","No. it is not necessarily that. I think, you know, you know, when you think about what happened, you know, pre asset cap, we really had to constrain that business. And so, you know, the financing balances that we added, you know, starting in the second half of June last year, know, was at a pace that is just not, you know, sustainable for, you know, forever. And so it really was the reemergence and the, you know, the reentry, I guess, in some cases into sort of the financing activity that we had just more broadly across that business. And so you will see it just start to more get to kind of more of a natural, you know, growth rate over the next step, you know, couple quarters. And then we will see how we will see and then we will we will decide, you know, how fast it goes from there based on the opportunity sets that is there. But it really you know, the pace you saw was really a reflection of us coming out of the asset cap and being able to deploy balance sheet at a pace that was just different than normal.",,,
17,Wells Fargo,WFC,"David Chiaverini, Jefferies (follow-up)","Michael Santomassimo, CFO","Got it. that is helpful. And then, shifting over, I was curious about advisor hiring. Can you talk about the competitiveness and the pipeline you are seeing there?","Yeah. I mean, advisor--you know, getting really good advisers and teams of advisers, you know, has always been competitive. And I think continues to be competitive. We are very disciplined about our approach to that. We do not overpay. We have not changed our deal, you know, you know, to recruit advisers in a while and do not plan to. So we may miss out on some teams if that is the case. So what we try to make sure that we are providing is the right platform with the right capabilities to attract these advisers, and I think that is really resonated. And if you look at the last you know, 3 quarters, you know, we have had close to, if not record recruiting in terms of the amount of business they bring. So think of it as, like, revenue that is coming onto the platform over the last 3 core each quarter for the last 3 quarters. And so it is been quite good to see those advisers our yeah. And our attrition is at, you know, record low for us in terms of attrition that we are seeing, you know, across the adviser space. And what is good about the types of advisers we are attracting is they bring really good investment business, but they also bring, you know, the need for banking, which is, you know, both deposits and lending. Which I think really rounds out the profitability of the business that is coming out of the platform, which helps improve the margin of that business over a longer period of time. And so the team's done a really nice job attracting you know, the right types of advisers, and the pipeline that we have got is quite good in terms of looking at, you know, the rest of the year.",,,
18,Wells Fargo,WFC,"Vivek Janaeja, JPMorgan","Michael Santomassimo, CFO / Charles W. Scharf, CEO (speaker attribution ambiguous in source for this one)","Thanks. Can you hear me? Yes, we can. Yep. Thanks. Charles, Mike. Sorry. I am just stepping back on NII. We are stepping away even just from them. Both you and Mike said at conferences in the second quarter, you were very confident about the $50 billion NII. And today, gone to 50 billion plus or minus. Seems like a little bit of a shift. Any color on what is driving that?","Is that a shift? what is driving that little shift? David, that no shift at all. The 50 billion plus or minus is exactly what we said in January and exactly what we said, you know, in the fur end of the first quarter. And what I said at Morgan Stanley, you know, conference and others. And so I think no shift at all, and we are very confident. No intention to shift anything or guidance is the same, and we feel confident about it.",,,
19,Wells Fargo,WFC,"Vivek Janaeja, JPMorgan (follow-up)","Michael Santomassimo, CFO","Okay. That was an important clarification. Commercial loans, your period-end growth slowed a little bit. Any color on what is driving that? Do you expect that to pick up again? And then, of course, what would be the driver of that? Anything? That you can Yeah.","Look at look, the period end number is driven by lots of factors, Vivek. You have some seasonality through the quarter. You saw some you know, tariff related, refund related pay downs, but there is nothing that I would highlight as sort of a change in overall sentiment that, you know, is impacting the clients. And as I, you know, said earlier, I think on the consumer side, we expect to see more growth in you know, in auto and in card. I think you will see home lending be stable. And then I think you will see some growth in the commercial portfolios in the second half of the year.",,,
20,Wells Fargo,WFC,"Gerard Cassidy, RBC Capital Markets","Charles W. Scharf, CEO","Thank you. Hi, Charles. Hi, Mike. Can you guys share with us on credit Obviously, your credit quality is very strong. The industry is experiencing really good credit. In this period? Are you seeing any signs of risk taking by your competitors in terms of underwriting in the commercial loan area or it could be in consumer If not, what are you looking for as we go forward for some aggressive underwriting that could lead to issues you know, in the next credit cycle.","Yeah. Let me take a stab at it. And, Mike, you can either agree, correct me, or not. I think on the side, we would say, not really. What we see is kind of, you know, consistent underwriting versus the people that we compete with. Know, everyone kind of comes and goes sometimes, and you know, times are good. But not a lot. On the consumer side. I think on the wholesale side, it is a very, very different story. And, you know, that is where you see the deployment of significant amounts of capital, not just from banks and from non-banks. And there is a wide range of risk that people are taking in the lending activities. I kinda try to allude to this in my remarks. You know, we are you know, staying true to who we are in terms of what our risk tolerances are. In the context of a growing franchise. But when you look at whether it is, you know, things in data centers, some of the, you know, the strategic transactions that are done you know, that are being done out there. There is, you know, there are more risk assets being created on the wholesale side, and there is a lot of capital out there that is you know, there to support that. And you know, we are doing, you know, the pieces of the transactions that were comfortable with that have the credit profile. That we are used to underwriting, and there are others that are willing to take more risks than we are.",,,
21,Wells Fargo,WFC,"Gerard Cassidy, RBC Capital Markets (follow-up)","Charles W. Scharf, CEO","And just as a quick follow-up to that, answer, Charles, on the consumer, is there any way you guys measure or can capture the nonbank consumer lenders? And I know that as not primarily your customer because they tend to be a higher risk customer. But is there any way of making sure that there is another second derivative effect on your better quality consumer customers?","Well, I mean, I am not sure. I will make sure I am following this. I think know, when it comes to, you know, the consumer credit that we are extending, we are making our own credit decision with every single loan based upon everything that we know, including looking at bureau and things that they might have away from us to the extent we can see it. And so you know, that is that is totally within our control, and we understand that. We do see some of the activities in the nonbank universe through what we do on the wholesale side in terms of who we finance. We have, you know, we have talked about this last quarter. it is good information to have, but we are also know, selective about who we are lending to, and because not everyone in that space has the same risk tolerances.",,,
22,Wells Fargo,WFC,"Gerard Cassidy, RBC Capital Markets (final follow-up)","Charles W. Scharf, CEO","And then just as a last follow-up, final question, I know this is probably hard to answer, but AI has been just so powerful to The US economy. In terms of capital expenditures. You mentioned, you know, data centers, of course, Is there any way of getting your arms around of second derivative exposures to the AI industry for Wells. So that, you know, I do not think you or many of your peers have direct data center construction loans, but I am just wondering that if this when this boom slows down, is there some fallout that we could see, potentially, down the road on the second derivative of the suppliers or other folks that it is not as clear maybe today that they have that kind of exposure in their business models?","Yeah. I mean, listen. I think, you know, when you look at the exposures that are being created to help finance the build out, I mean, you are you are you are absolutely right. There are different types of things that are being financed. Right? there is core and shell. there is power. There are chips, and there are a whole series of things that go into the data center. And, you know, we underwrite those different pieces of those financings very differently. We rely on, you know, different types of you know, different types of credit support for those to be paid off. And, you know, it is very, very different lending to a chipmaker that has 80% margins where we get paid back in a year and a half versus lending to you know, someone else in the supply chain where it is going to take, you know you know, 15 years to get paid back or 10 years to get paid back, in the hope that the LLM provider who is renting that space is gonna be there. And so, there are and so that is the complication. That, you know, everyone is working through in terms of, you know, who we lend to. And that is when I say that, you know, they are different kinds of risks that are being created here, and we are working to stay within the lane of the risks that we understand. We are confident not just that we understand it, but we will obviously get paid back, And different people have different risk tolerances. And you know, that is that is always been the case.",,,
23,Citi,C,"Glenn Schorr, Evercore ISE","Jane Fraser, Chair and CEO","Hi. Thank you. So I am a huge fan of investing back in the business during great times. So and I heard your message loud and clear, and we see your guidance. But people are trying to parse through the not upping of the RTC target this year. How much do not know if you can quantify in numbers, that is what I am asking, is how much of it is conservatism and not knowing what is ahead in the second half versus investments you have already made versus investments you are going to make in this in this second half? I am just trying to get through the parsing of it. Thank you.","Okay. I may take that, Glenn. Well, I have to say with a good first half under our belt, we have shifted our focus from the 2026 waypoint to the near term and medium term targets and the investments behind them. As you say, we have operated in a good environment so far this year. Think the whole industry has benefited from revenue growth and benign credit. What I think I am most proud of is that we have generated real alpha. it is outperformance that we created. it is not just a rising tide, and you have seen us pair that with consistent expense and capital discipline whilst investing.

Now, as you say, how strong the second half turns out largely depends on the macro and the market backdrop. And that is true for everybody. We are deliberately investing for long term growth. And for improved returns. Of weeks or a few weeks ago, we laid these out in the investment plan in detail at investor day. And you see we just have a lot of opportunities here. And we are funding these investments whilst holding our efficiency ratio for the year around 60%. And there is real discipline beneath that number. So to be clear, if conditions stay constructive, we intend to take full advantage of that.

We will lean in, bringing forward investments and other actions that will create value for our shareholders over the medium term. As I said in my opening, a stronger environment is not just upside to report, it is an opportunity that we are going to put to work. So I am very comfortable with our 10 to 11% number.",,,
24,Citi,C,"Glenn Schorr, Evercore ISE (follow-up)","Gonzalo Lucchetti, Chief Financial Officer","Is the is the comp the tenth you know, doing I am good at math. A 13% for a half and 10% to 11%. Would mean significantly lower in the second half I am just trying to get at is that conservatism based on, like you said, 20% seasonality and more this year because the first half was so good. So should we I just wanna get our collective mindset in the right spot. Is the second half possibly a single-digit to 10% return with no additional investment?","I will take this 1 though I may disappoint you in not giving you the precise math on every month in the forthcoming couple of quarters. But I think it is a fair question. And just to, emphasize a couple of things that I think, you know, Jane just mentioned, Number 1, and you alluded to them too. Number 1 is there is a pocket of uncertainty. That we want to make sure that we navigate and we are able to land, and we have spoken about this in the past even for our near term and medium term targets. We want to be able to deliver under a variety of environments.

Secondly, the seasonality that you just mentioned and I alluded to in my remarks especially relates to markets, not only, right, because other businesses also have pockets of seasonality, but markets is the most pronounced 1. And the third 1 is what Jane just spoke about, which is making sure that we have the flexibility to take advantage of those opportunities if the markets are constructive. And that could come in a couple of flavors. It could come-- we have spoken about the investment themes at investor day a couple of months ago across each of the 5 businesses. So we will consider leaning into those and accelerating more of those.

We will also look at you will remember that I spoke about, you know, sources of structural efficiency to fund our growth over the next couple of years. We may look at accelerating some of the structural efficiency actions and, in that case, take more severance in the second half As you can see, so far to date, we are already at $800 million for half of the year. We are already basically at the level that we did a year ago. So if we see opportunities, we may do a bit more than we originally envisioned.

And then the third piece, as Jane was mentioning actions as well, is we will also look not only at structural efficiency opportunities, but it could also be structural funding opportunities. If we see any opportunities to take actions to improve our funding profile, over the long run, we will do those. You saw us do a little bit of that in the second quarter where we tender $1.2 billion of debt. And so we will look at those opportunities To James point, not to maximize the waypoint, but to actually look at the durability of the returns, going forward. Thank you.",,,
25,Citi,C,"Mike Mayo, Wells Fargo","Jane Fraser, CEO / Gonzalo Lucchetti, CFO","I think, yeah, if you are Gonzalo, if you are going to be the Messi of CFOs, I think we need to understand a little bit more about your prior answer. And I think what you are saying is you will use kind of the excess earnings above what you had expected to front load or accelerate structural changes that will improve your future funding efficiency and growth? But the problem is, again, 13% return in the first half of the year, that would imply 9%. The second half of the year efficiency, 57% in the first half of the year. To get to 60%, that would imply maybe 63%.

So, I think I think what the stock market's saying right now, I think what we are hearing is that you are guiding for a much worse second half of the year than the first half, and that may or may not be your intention. So if you could simply clarify what you really are saying about the expenses and what areas would you like to kind of accelerate spending on when it comes to revenue growth? Thank you.","Mike, let me just jump in here. What we are saying is we are focused on the near term and the medium term targets. Not on the waypoint. I think the I cannot imagine this investor that does not want us to make sure that we are taking full advantage of the market conditions, particularly if they are good in the second half, to be able to make the investments and take actions that will drive growth for the next number of years. And that is where and that is the message that the street should be taking from this. But, Gonzalo, over to you.""

**Answer (Lucchetti):** ""No. I think that is, you know, 100% in sync with what we are saying. We are not saying, Mike, that we are expecting a worse second half. There is seasonality to it. Right? If you look at the historicals, you will be able to see it And that plays through not only on the revenues that I highlighted in my remarks, as it relates to markets, you will see that playing through generally in returns and operating efficiency over the, you know, over a reasonable period of time in the past.

But what we are looking forward to is to Jane's point, making sure that, we put the opportunity to work where we see a chance in order to really solidify that path to near term and medium term returns, which is the ultimate goal. Right? it is really driving the durability and the improvement that we want to that we want to drive in order to close the gap with our peers as we said we intend to do.""

**Answer (Fraser, closing):** ""We are playing the long game.",,,
26,Citi,C,"Mike Mayo, Wells Fargo (follow-up)","Jane Fraser, CEO","And a question related to your remediation efforts. Last quarter, you said you are 90%+ done, and do you expect it to be 100% done sometime in the near term? I think you said that in at investor day. Are you at 93%, 99%? Do you think you get to 100% and then you turn it over to the regulators? to make their decision?","I am not going to get in I am not gonna get into the game of whether we are at 95%, 96%, 97%. You know, we are largely now operating at the city target state, I think the important piece I mentioned in my opening remarks is a large amount of our work on the consent order successfully passed through audit validation this past quarter. And therefore can get handed over to our regulators. And as you know, we have still got remaining work, that relates to enhancing data governance, particularly for regulatory reporting and we continue to make steady progress on it.

In terms of the timing of the removal of the consent orders, that is fully at the discretion of our regulators, in terms of reviewing the work that we have done, as we hand it over, and then going through their closure process, and that takes time. But I do reemphasize for our investors whenever we complete each body of work, we begin taking down the remediation expenses and you can see that in our expense line. it is creating the capacity to further invest in the businesses that is the additional $5 billion of investment that we talked about in May, and we do not need to wait for the orders to close to do this.

That is happening already.",,,
27,Citi,C,"Ken Usdin, Autonomous Research","Gonzalo Lucchetti, CFO","Thanks. Hi. I have a question on the NII side, on the ex markets spaces. Strong start also here in the first half of the year where you are already above the 5-6% in the first half. And deposit growth continues to pace, obviously, as you discussed, especially in services. I want to understand also, do you have any conservatism in terms of that outlook, in terms of why you may not be able to do better than that 5% to 6% on the core NII X markets given the trends that we are already seeing so far?","Thank you very much, Ken, for the question, and good morning to you. I think we can see in through NII ex-markets, I think is a good a good window into, you know, number 1, our strategy working. Number 2, I think the operating rigor And, yes, we continue to be constructive on our progress forward and we are comfortable with the guidance that we provided would be the short answer. But just to unpack that for a little bit, So just to recap the guidance for everyone, the guidance on NII x markets for the year is 5% to 6% revenue growth. that is anchored by mid single digit growth in the underlying drivers.

In the second quarter, our NII X markets growth was 6%. So it is it is within the range of the guidance that we provided for the second quarter. And that is in line with seeing deposits growing at about 12% on average As you mentioned, services really good momentum at 19%. Wealth 4%. Most of it coming from the private bank. And loans growing in that mid single digit range at around 6% for the quarter year on year. Supported by services, cards and wealth. And so, when we step back and we look at the picture of NIIX markets, we are comfortable with that guidance. I think Shamir alluded to this in our Investor Day.

As it relates to you know, not expecting that deposit growth that we have seen of 19% would not normalize over a period of time. And so we expect that normalization to play through, but we are pleased with the trajectory that we are seeing. Of course, services had a very strong quarter. We reached $1 trillion in deposits for the first time ever. And the good news about that, I think, is that those deposits are coming from operating deposits. We are not chasing low value deposits. The team has been very disciplined on pricing and that is where you are seeing the NII pop up there. Thank you.",,,
28,Citi,C,"Ken Usdin, Autonomous Research (follow-up)","Gonzalo Lucchetti, CFO / Jane Fraser, CEO","Okay. And then just 1 follow-up. You mentioned potentially some additional severance in the second half. Can you remind us of just the severance you took year-to-date in the first half? And then what is the maybe you can help us about the type and magnitude of severance that you might book in the second so we can kind of understand also some of that future, like you said, you know, to get future efficiencies. Right? Is it help us understand, like, how bulky that might be in terms of, being run rate of your.","Yes. No. Thank you. While we may not provide exact guidance on what we expect from second half of severance, let me recap a little bit what we had said and the position that we are in now. So the first quarter was about $500 million The second quarter just now is another $300 million for an $800 million year to date You are kind of seeing the acceleration of those actions play through in the headcount You see it there on slide 5. And then to recap last year, it was about $800 million also. When we gave guidance for the year, we expect it to be at around that same level or slightly below from prior year.

Obviously, sitting here now and to the point that Jane and I were making, we will still be open minded about the second half if we see opportunities If I anchor it back to what we said a couple of months ago at Investor Day, remember, what I said about structural efficiencies to help fund those investments that we wanna make over the near term. Are anchored in 3 legs. Right? Leg number 1 is stranded cost, and you are seeing those already come down from $1.3 billion a year ago to about a run rate of $800 million if you look at our second quarter numbers. for $200 million that you can annualize.

We talked about transformation cost and Jane just mentioned that. As we reach completion of the programs, we are taking action on the portion of the transformation cost that is temporary. That sits in corporate other. I had mentioned that at Investor Day. You remember the peak was $3.3 billion of that total expense, about half of those sitting corporate other, which are the ones that are temporary in nature, not the ones that are structurally in nature. And we are starting to see those come down. And then the third leg of that structural efficiency push is the productivity opportunities that we see from technology and AI automation.

And I spoke about how we have more than 100+ processes that we are mapping end to end where we see opportunities for further automation. We look at this every week. Anand, our COO, and Tim Ryan, our head of technology. And we are very purposely trying to make progress on that So as we see opportunities and if we see opportunities, this is what I was referring to. I am trying to connect the dots here. In the second half, to accelerate some of those productivity opportunities, we may take, more severance in the second half, but we are not, you know, we are not providing a specific number now. Thank you.""

**Answer (Fraser, closing):** ""And our North Star with all of this is pulling forward. Higher sustainable returns.",,,
29,Citi,C,"Ebrahim Poonawala, Bank of America","Gonzalo Lucchetti, CFO","Hey. Good morning. I guess maybe, Gonzalo, just to follow-up, I think and hey, Jane. On this, I think with the stock's down 5%. I think to Mike's question earlier about the back half being worse than the first half, I understand that is not what the message was. The message was if the revenue environment is stronger, you are gonna take advantage of that by investing. But maybe as we look in terms of the momentum you had in the first half, yes, there is some seasonality as we look into the third quarter and later in the year. But is there an obvious reason?

Or is the point here that if the revenue backdrop is strong, we could still maybe replicate the strength more or less that we have seen in the first half? Or are you expect should we be expecting a step shift due to 2 reasons? 1, seasonality. And second, the pull forward in the investments that you have talked about multiple times this call. Thanks.","Well, good morning, Ebrahim, and very much. May maybe let me start by not reiterating, but, you know, emphasizing a couple of points. The first 1 is we are pleased to see and we are not expecting to stop, just to be clear. The commercial intensity that we are driving our execution, rigor and focus the, you know, the already you know, good results we are seeing from past investments. that is we are not planning on that to stop. And, of course, if the environment is constructive, we expect to see continued momentum. Right? I spoke for a minute just now about NII.

We have good momentum in our services business where we are seeing good engagement and, you know, higher win rates with new mandates. Deepening relationships with existing clients, and some of the investments that we made in our platform paying off. We had a very good quarter in markets as you can see. We are making investments in talent. In technology, The market is constructive. it is it is good to see the business model working in a diversified way so that not every cylinder needs to be firing right, completely in order to have very good results as we just did.

Banking, of the investments we are making, the momentum, the intensity that this is driving in the business playing through. You are seeing the improvement on wealth. Right? In terms of the returns being driven there, both NNIA growing at 9% our deposits growing, our NII growing. Many of those things have an element of sustainability in them as well. And cards, I mentioned a little bit of the dynamics because we are trying to invest in the business. But you can look at the drivers right, even for the last few quarters, not just the ones this quarter that have the element of Barclays and American Airlines portfolio coming in.

And they are healthy because we are investing in the business, and we know that is a high return business. All those things we expect to continue to play through in the second half. And the only thing we are saying is that we wanna make sure that we are accounting for uncertainty, We are accounting for seasonality. And we have the flexibility to position the firm even better for the future to come.",,,
30,Citi,C,"Ebrahim Poonawala, Bank of America (follow-up)","Gonzalo Lucchetti, CFO","(embedded in the source without a clean speaker break) ""Got it. And maybe just, Gonzalo, I think you talked about the USCC in the back half around revenue versus expenses. If you do not mind, double clicking on that in terms of the trend we should expect in the back half and just over a more longer period of time, what you expect on the revenue versus expense trajectories there.","Yes. No, thank you for the question. So think when you look at cards, there is a couple of things that stand out to me, and you can see them in the second quarter so that you can actually anchor them on numbers which you have seen. The first thing is we spoke about how the through the cycle return target for our cards business is low twenties. So the first principle for us is the returns discipline. Right?

And you can see that we are while we are investing, and I will talk about that more in a second, we are keeping that high focus on returns and the rigor, and this is true across our proprietary book, but also every single 1 of our partner relationships. And you have seen us Pam mentioned at Investor day, exit relationships that do not pass our return targets. So that discipline to me is super important. Even in a quarter where you can see our investment level you still can see a 22% return there high for our firm. The second piece is we spoke about our strategy.

And our strategy had 2 components, 2 big elements that we spoke about. 1 of them was the shift to what we call general purpose credit cards. that is been driven by the customer behavior. You see it in the drivers. If you look at the bottom at the bottom right side, of the cards page, is page 12, you can see the bifurcation of the drivers and that those are the customers telling us how their behavior is, you know, is driving the business. And you can see that already in our numbers, right? At the end of last year, 82% of our book was general purpose cards. This quarter, we are at 84%.

So over time, you are gonna continue to see us increase that purely because 1 is going to grow faster than the other. And the second leg is we said we were going to make investments Right? And now you are seeing that play through this quarter. And as I mentioned in my earlier remarks, you can expect that over the next few quarters, there is going to be a few quarters where the expense growth will be greater than the revenue and than the revenue growth. And you should know that we are comfortable with that because number 1, we are keeping the return focus very sharp. And number 2, we know that these investments pay off.

So this is a deliberate choice to invest in a high return in business while keeping that return focus in the forefront. And then last piece I will mention on investments, Some of what you are seeing remember, as a reminder, the investments in the card business, they play both in of expenses, but they also have a contra revenue component. Because a lot of the acquisition activity plays as a contra revenue. Right? And so what you are seeing us do is you are seeing us invest in acquisitions. You are seeing us invest in our product capabilities, into our client experience.

Into the loyalty and engagement, which is something that is key so that we can be top of wallet. As well as in our partnerships as we did with the Barclays portfolio as well. And so those key pieces are critical. You are seeing as co brand you know, airport lounges with American Airlines, into the US. You can already see in a few airports. So you are seeing us lean forward in a business that is high return. Thank you very much.",,,
31,Citi,C,"John McDonald, Truist","Gonzalo Lucchetti, CFO","Yes. Hi. Good morning. Gonzalo, could you remind us in terms of the capital target, you mentioned 12.6 for now. At Investor Day, you noted 13.1 by 2028 to accommodate, a higher G-SIB. But broader, what could lead that to be better along the way between, you know, potential rule changes, drug structural improvement for Citi, and maybe your own lowering of your own discretionary buffer. Can you give us some thoughts on the capital path, please.","Sure. Thanks very much, John, for the question. Good morning to you. So, yes, just to recap where we are in this quarter, we are at 12.8% CET 1 a 120 basis points above our regulatory requirement of 11.6 as you mentioned. And then maybe playing the and thank you also for reminding everyone about the 13.1 because of course, we embedded as far as capital assumptions for our return targets in the near and medium term equates to the reality and the regulatory regime that we are operating under today. Right? We do not we did not bake in any assumptions about what would like potentially.

So think you hit on, you know, a couple of those areas already, but let me, you know, piece them out a little bit. So, of course, we are waiting for the finalization of the rules as it relates to Basel 3. Fujisib and in particular the SUV. As I mentioned in the past, Basel III and G SIB provide us in our early analysis with a moderately net positive position and that emanates from, on the positive side, the GZ coefficient playing through.

As well as some of the RWA weights in retail and corporate and that is, you know, partially mitigated by the, you know, operating risk and, you know, the market's risk factors that I think lot of people are familiar with at this point. And so that could be 1 element that plays through. The second piece is the stress capital buffer. Stress capital buffer, there is a couple of vectors there. Right? 1 of them is of course, the final rules, and we think there should be you know, opportunities for us to benefit from that when they become final.

But importantly and more within our control and hopefully the DFAST results, if they do not take hold, really, for this year, and we will see on the back of the new rules in October 2027 the real changes hopefully, as a signal you can take away, and that is how we saw it, the 30 basis point improvement, the third year in a row of improvement of that SCB that came for us down from the 4.3% to the 3.6% that we are under right now and the DFAST results that just came out take it down to another 30 basis points through 3.3. That tells you that how the strategy is working. Right?

And we talked about this at investor day. Strategy work in terms of we have exited the international consumer franchises, number 1. Number 2, our PPNR position continues to sequentially improve year after year. So our loss absorption capacity improves. Even in the absence of any model enhancements that come out from the rules, you can see our strategy at work already also being a tailwind and we hope that those 2 factors will pay through an important role. Then to your last point on the buffer, I think, of course, we will wait until, you know, all 3 sets of rules are solidified to, you know, evaluate our position for now. We are comfortable where we are.

And we are managing to around that target of 100 basis points that we mentioned before. Thank you.",,,
32,Citi,C,"John McDonald, Truist (follow-up)","Gonzalo Lucchetti, CFO","Okay. And then maybe a follow-up on that. Is on the DTA utilization. Could you give some more color on what drove the nice step down in DTA this quarter? And just a reminder of the path that you are hoping to see over the next 2 years for that to come down from, I think, ending this year at $13 billion, going down to $7 billion","Thanks very much for the question. And we know that DTA is an area where we have to demonstrate the performance because the last couple of years, we have not consumed as much. But hopefully, you are starting to see a couple of dots there on the page. So just to recap, you know, briefly, our starting position at the end of last year $13.9 billion of the disallowed portion of the DTA. Our position right now is $13.4 billion. So year to date, we have consumed about $500 million of that As a reminder, there is carryback support that builds up in Q1 and then starts to wear off during the year.

So you have an element of that playing through. And then our US profitability that we disclosed last year was about $4 billion This year, we expect to make you know, good progress in that. And you heard, you know, from all my colleagues, the business heads, talk about it at investor day. And you are seeing it play through in second quarter. Right? When you look at the deposit growth in services, the 19%, a good portion of that growth comes from North America. When you are seeing the strong quarters in markets and banking, a good portion of activity in both of those businesses comes from The U. S. The improvement in returns from wealth, right?

Wealth coming from 7.7% to 10.8% to now 14.4 ROTCE. A good portion of that activity comes from the improvements in the affluent business, in the retail bank and across the franchise that are North America-centric. And then finally, of course, high returns in cards, which are also improving year on year. So all of those areas and the focus and I have spoken about before how Jane has made sure that we are all held accountable in our scorecards for this. We will hopefully over time you know, demonstrate to you through the numbers, you know, how that comes through. As I always say internally and I repeat it externally, you need 2 dots to draw a line.

So we are pleased to see the first dot here in the second quarter and we look forward to, you know, continue to demonstrate progress in this space. And sorry, final reminder, I guided earlier in the year that the full year target was $800 million of burn down of DTA. And so we have done $500 million of the $800 million year to date. Thank you.",,,
33,Citi,C,"Manan Goswami, Morgan Stanley","Jane Fraser, CEO","Hi. Good morning. Good afternoon. So for the elevated investment spend in the back half of the year, can you help us with any specifics there in terms of these specific investments you were planning to make in 2027 that you now have the opportunity to do in the back half of the year? And I guess, how quickly do you expect to see the returns of this higher investment spend does that give you the ability to get to the medium term targets maybe sooner than before?","So at investor day, we laid out the specific investments that we are making in quite a in quite a lot of detail. So we will be looking at what are the opportunities to pull some of those forward as we talked about, and it would be pretty well across the board. there is nothing specifically I also do want to emphasize these are we are not looking at anything inorganic. I think I have been very clear about that at Investor Day and in the last couple of earnings calls. When we are talking investments, these are purely organic.

Manan, just assume we are looking at a number of the different investments we talked about where we can pull them forward and as Gonzalo alluded to, if there is any severance and other pieces as we accelerate productivity gains, we will do so too.",,,
34,Citi,C,"Manan Goswami, Morgan Stanley (follow-up)","Jane Fraser, CEO","Got it. Thank you. And maybe if we can talk about pipeline in investment banking, clearly very strong performance here. I think you noted that M&A pipelines are strong, but if you can talk about in general how you are seeing revenue opportunities across that business as we look out into the next year or so?","Look. The level of activity is very strong. The pipeline is very healthy. And we are also in a financial market that is sort of looking for reasons to buy. I think the central CEO question right now across sectors is, do we invest for growth now, or are we preserving optionality? And AI is dominating a lot of the conversations, so tech, data center, energy, defense CapEx is accelerating. Companies are accessing the public equity and bond markets, alongside bank debt in size. SK Hynix for example, last week is another testament to that.

An offering, by the way, that we led Wherever there is a bottleneck, in that whole energy power compute memory we are seeing a lot of activity. So we have to see. We will probably have the summer lull as everyone takes a bit of a break. We will have midterms coming up, and the wildcard really is geopolitics. But we are certainly entering the second half with a good pipeline.",,,
35,Citi,C,"Jim Mitchell, Seaport Global","Jane Fraser, CEO","Hey, afternoon. Maybe just a follow-up on capital As you noted, the stress test, saw about 30 bps of improvement. Based on similar rules for last year. Seems like model enhancements are likely to lower the volatility in the SCB going forward and likely improve it And profitability is getting better. We will have more certainty on the other regulations. Is there a time when you start to question 100 basis point buffer, I guess, is my question? And can you can you run a thinner buffer and use that excess capital while your stock is still at the low tangible book multiple still kind of in the low 1, 1.5 range.","Let me reemphasize what Gonzalo said earlier. We are not looking at changing the buffer right now. there is quite a lot of uncertainty in the certainly, geopolitical and other environment, so we are not looking at changing it. But we are looking forward to the continued strengthening of our PPNR, the continued lower stress losses, and also getting the models to be an accurate reflection of our business. We think they overstate risk in a number of areas, Treatment of our DTA is a sizable example. Double counting of operational and market risk. Is also another area that has a sizable impact.

So the biggest upside is going to come from what we hope we will see, which is the new models coming out that are an accurate reflection of the actual risk, and that will have the biggest impact on SCB but until they are issued, we will not know. And obviously we hope G SIB will be addressed better than it has been in the initial proposal.",,,
36,Citi,C,"Jim Mitchell, Seaport Global (follow-up)","Gonzalo Lucchetti, CFO","Just on cards and consumer delinquency is down. Despite sort of fears, I guess, that many have had around rising inflation and the impact on the consumer. So what are you seeing in consumer credit and consumer behavior and does it look like these favorable trends are continuing?","Yes. Thank you. So I think a couple of thoughts there. First, we are seeing a stable credit environment. The US consumer is showing up as and I know it sounds like a broken record from, you know, a few quarters, but The US consumer has been resilient Right? And you can see that with the spend, Even if you take out in our spend the part of, you know, the Barclays American Airlines book, this quarter, you still see, you know, 6% to 7%, 7% and ex the gas inflation in the quarter. You are hearing around 6%. that is very healthy as it relates to the spend.

And in line or on the higher end versus the last few quarters. Then when you look at the delinquencies and the net credit losses, you can see that across the portfolios, right, both delinquency and credit losses are down year on year. So across another 4 key metrics. And when we look at our leading indicators of you know, collections and the usual pockets that you look at when you are trying to seek for stress. You are really seeing an environment that is, you know, stable.

As Jane mentioned in her remarks, you know, credit has been in line or better than our expectations. that is also why when we guided the range for this year, the 4 to 4.5, we anchored it on if you if you actually I know we use to look at the business with slightly different lens. But if you do the math, this is a lower range than the 1 we have had in the past and that is a reflection of what we are seeing in the environment.

And as you know, because of the right of rules, which are 180 and a 120 depending on the card or loan, we have a pretty decent sense as to what the rest of the year entails and we see that over stability. Again, subject to the watch outs. Right? And you mentioned some of them. Right? They watch out on inflation and what happens with that, which, I know we had a better read just now. Was the relationship between that inflation and the wages. Right, the savings rate impact on that for clients and ultimately unemployment, which has been relatively in equilibrium for the last few weeks. And so we are constantly looking at that.

But so far, it is it is it is a constructive environment. Thank you.",,,
37,Citi,C,"Erika Najarian, UBS","Jane Fraser, CEO","Hi. Thank you for taking my question. Just 1 follow-up. It was actually part of Manan's question. Heard you loud-- we are hearing you loud and clear in terms of the second half investment spend. I guess the question I wanted to reask is, you know, Jane, you are not focused on the waypoint. You are focused on the near term, which is 11 to 13% ROTCE. In 2027, 2028, and 14% to 15% medium term. You know, if sort of pulling forward the investment agenda Will that enable you to not just hit those return targets, but potentially be sort of in the, you know, better half of that range.

And additionally, does the consent order getting lifted free up additional expenses that you can reinvest back into the franchise?","Hey, Erika. Look. The outperformance possible outperformance that we have been seeing and the benefit, it allows us the optionality to invest or pull forward where that makes sense. You know, if we did not see accretive opportunities, we would, of course, let it play through the bottom line. And to the return side. But I think the message you should be taking away loud and clear is seeing opportunities to invest that will be driving you know, higher sustainable returns, and we are going to take advantage of that opportunity. Do not read anything more into it. And in terms of the consent order, the timing of the lifting is in the hands of the regulators. Not in ours.

The timing of taking expenses down is in ours. And we have begun to do so as we finish the different bodies of work, we take those expenses down, and those are helping us fund further investments into the businesses. So that is all going ticking along nicely.",,,
38,Citi,C,"David Chiaverini, Jefferies","Gonzalo Lucchetti, CFO",Thanks for taking the questions. So you had strong growth in deposits this quarter and good to see the cost of interest bearing deposits stable at 2.71%. How should we think about deposit costs going forward?,"Thanks very much, David, and good afternoon to you. I think when let me piece that out maybe between the 2 large businesses that are driving our deposit base. Right? So we have services. Where I was mentioning a little bit earlier, We were able to drive 19% growth year on year on average deposits and reaching our $1 trillion milestone there. And I mentioned a little bit briefly, but a good portion of those are operating deposits.

And so when you think about pricing and, you know, and rates and also what to expect, going forward, at least as based on what we are seeing as of now, is, yes, we have seen with an environment that is pointing to a bit higher for longer we have seen some catch up pricing. But as I mentioned earlier, the betas are well within our expectations. Right? So they are in line with what we thought they would be And the team has been Shamir and the team have been very disciplined on pricing. So what is pleasing for me to see and what gives me comfort is that we are not chasing, you know, low value deposit volume.

And that these share gains come from really driving those operating deposits across both international and North America. Now you look at the spread, in addition to the pricing dynamics, the more we grow North America, just because it is a more competitive market, not because you are giving away price, in relationship to international, you may see some mix factor playing a role there. But other than that, I think, you know, generally working well in line with expectations. Little bit of catch up, The team is all over the pricing, and we are comfortable that our competitive advantage, which is really driving those operating deposits across our payment network, really plays through.

On the wealth side, you know, similarly, Andy, you know, very thoughtful about pricing there. And the only highlight I would mention in terms of customer behavior that we, you know, we have to monitor for as it relates to how rates evolve especially if they go up is, you know, how much of those clients are seeking yield. And you do see pockets of customers seeking yield. Sometimes you may see it more as synthetic beta in terms of you know, mix shifting into time deposits. So we have a couple of pockets of that, but as you can see from the NII, pretty robust and generally spreads, you know, expanding in our business in wealth.

So comfortable with the position that we are in and what we are seeing there. And very important that we will keep discipline very thoughtfully. Thank you.",,,
39,Citi,C,"David Chiaverini, Jefferies (follow-up)","Gonzalo Lucchetti, CFO","Great. Thanks for that. And then shifting over to the services business, very strong growth and momentum this quarter at 18% year over year revenue growth. Can you frame this level of growth relative to your medium term outlook from the Investor Day of low to mid single digit? What might lead you to see slower growth towards that guide from Day.","Well, thanks for the question. it is a good question, David. And I think some version of that is, I think Shamir alluded to at Investor Day as well. I think there is a couple of factors that probably play a role into how we think about it over the longer range And 1 of the primary ones is the normalization of that deposit growth. Right? If you look at the deposit growth between 2022 and 2025, the annualized growth rate there was about 3%. So we are hitting and we are very pleased with the momentum, the commercial intensity, and the investments playing through.

We are seeing a growth spurt for the last several quarters right, that puts us in the position in Q2 at 19%. Now we do expect some normalization, right, as Shamir mentioned a little bit earlier, we are not expecting that we will grow at, you know, 4x to 5x money supply you know, over a long period of time. But at the same time, we continue to make investments, and we are pleased with the momentum that we are seeing in the drivers that underpin that NII.

On the NIR front, where this quarter services delivered 16%, and you are seeing there, a combination of the, you know, cross border transactions, right, and how customers are thinking about their supply chains and global commerce playing through. And at the same time, the work that we are doing on security services and how we are driving that And that obviously has an element of deposits, but has an element of AUCs and AUAs. And there you have a combination. You have alpha, of course, because we are you know, we have very good win rates on new mandates and deepening relations with existing clients. Some of those are public.

And we and there is also a pocket of beta with market valuations as well. So as you think through you know, the near term and remember, right, the 1 reminder for the near term and the medium term is that I mentioned this at, you know, a couple of months ago at Investor Days, we have planned for our returns and our targets to be delivered under a range of different environments. Right?

And 1 of the things that we are thoughtful about, we are not assuming right, just because we are sitting at a at a high part of the mountain with the sun shining and the wind on our backs, given how constructive the environment has been across the industry, we are not assuming that will perpetuate over the next few years. So we are looking and being thoughtful about for a range of outcomes, will still be able to deliver the returns and the growth that we promised. But if you ask me, there are scenarios where you could do better Yes. There are. But it is also partially market dependent. Thank you.",,,
40,Citi,C,"Vivek Juneja, JPMorgan","Gonzalo Lucchetti, CFO","Hi. Just a clarification. Gonzalo, you mentioned something about, you know, you were talking about expenses that historically revenues in markets have fallen in the second half versus first half. Keeping all the comments you are hearing from us back to pipeline is being very strong, which could continue to therefore drive probably market revenues to hold up better than expected. of a seasonal-- [connection broke up] ... historically, you have seen market revenues decline 20% in the second versus the first half.

Given the comments we are hearing from you as well as others about how pipelines and market conditions are looking very good, is that historical decline less, you know, less likely to occur as in the past, and therefore, the efficiency ratio increase that 1 has seen in the market business in the second half versus first half is probably that may be lesser given what is going on in the overall market environment, both the ITS as well as markets.","Well, thank you, Vivek. I the conversation was breaking up quite a bit, but I think I got good portion of it. So let me have a go, and you tell me if I answered your question or if I did not, if that is okay with you, because it was breaking up quite a bit. I think you asked-- just to recap, I think you asked a question on our view on the second half for markets.

And you were anchoring on my remarks around how historically we see a 20% decline or thereabouts between the second half and the first half And I thought 1 part of your question was, because you are seeing, you know, across the industry, and the client momentum being strong, would that be less of a decline this year right, versus what I said in my remarks? If I got that right, [Vivek confirms: Yes, that's right, sorry about the bad connection]

So know, it is first of all, it is very hard to take a position, especially in the markets business because you know that you know, from experience, that this can swing in a relatively short period of time to, you know, to a negative position for the industry as a whole. And so it is hard to look forward to 6 months or 5.5 months and say, you know, with certainty, it is going to land on 1 way or the other. The historical analysis tells us that 20% that I shared before. If you could take 1 point of view, it could be right, as highlighted in my remarks that first half has been very strong. Right?

So if that does not repeat, apples to apples, if the second half just putting seasonality to the side, if the environment is not as constructive in the second half as in the first half, you would expect a decline once you layer on the seasonality on top of it that could be worse than the 20% half on half. Now you could also, you know, take a different view and say, hey. If this continues to be disconstructed, right, where clients are very active you know, in the equity space, and we continue to see good momentum in spreads, and, you know, and currencies as we saw this quarter. And we see those pockets remain robust.

Could you be better than the 20%? it is not an impossibility either. Right? So I am not gonna sit here and tell you that is not possible. The historical tells us 20. First half was really strong. You will need to have, you know, an equally constructive set of external parameters in order to justify you know, narrowing that seasonal decline, I guess, is what I would say, if that makes sense.",,,
41,Citi,C,"Gerard Cassidy, RBC","Jane Fraser, CEO","Good afternoon, Jane. Hi, Gonzalo. Can Jane, can you share and Gonzalo, can you share with us your view of your-- excuse me. You at Citigroup, has a unique lens as a US domiciled bank on the global view. In your service business in particular, is obviously very engaged globally and had a very, very strong quarter. Can you share with us how are the companies being able to produce such strength in view of the geopolitical situation being fairly intense or elevated, is it because they have learned lessons from the pandemic and they are just better managed and more conservative. what is your guys take on the health of that global corporate customer?","Yeah. I mean, they I do believe that the global corporate client base that we serve has been the source of resiliency as well as growth. They have extremely strong balance sheets, and they have diversified revenue streams, so they are able to balance out tariffs and the various shocks that have come through. And everyone's just learned how to be very adept at supply chain repositioning and adjustments and to energy shocks and other elements coming through, and so they are just very adept at getting their business models to adapt swiftly to whatever is thrown at them, and we see that pretty consistently around the world.

If you are a European company, you have got very low growth in Europe. They are focused on The US and in Asia for growth. In The States, a lot of roads are leading here, so companies are getting a lot of growth from the multiple innovations that occurring in The States and the continued resiliency of The US consumer and China. Is deriving a lot of its strength from the export intensity, and Chinese companies growing rapidly abroad. And finally, the AI driven electronics upcycle is a genuine tailwind for many parts of Asia, so there is a lot of different dynamics here. That are really benefiting sort of the unique client base that Citi serves.

And that coming through in their growth as well as in their balance sheet strength.",,,
42,Citi,C,"Gerard Cassidy, RBC (follow-up)","Jane Fraser, CEO","And just tying into that, Jane, obviously, many of us on the call understand the environment in The US and the supportive regulatory environment when it comes to M and A. And this administration seems to be supportive of M and A. Do you see that in other parts of the world, governments being as supportive of facilitating business growth and allowing consolidation?","In a word, no. Europe is almost the opposite. They are not allowing the emergence of emerging market champions. You have seen much more national consolidation at best in Europe, which is a shame. We need Europe to be strong these days. And in Asia, you are seeing some but The US is unique in the American entrepreneurs' innovation the breadth and depth of the funding markets here in the investor base. I am as well as how much American companies are on the front foot in AI. And transformation, and that is also driving some of the boldness we see. it is a good it is a good environment.",,,
43,Citi,C,"Matt O'Connor, Deutsche Bank","Jane Fraser, CEO",Hi. You guys have successfully exited about a portion of Banamex and I think you said further exits would be after this year. Just wondering what the latest thoughts are on the timing and why not maybe sooner just given the positive macro backdrop and successful exit of half?,"Yeah. Thanks for the question, Matt. We do not expect any additional sales in 2026, and that is in 2010 It gives us and the new investor group the runway to drive value creation We are already seeing some of that performance kicked in. Gonzalo alluded to it to it in legacy franchise. Mexico has been improving in its performance. We expect to deconsolidate our ownership in early 2027, followed by an IPO as and when market conditions allow and further sell downs.",,,
44,Citi,C,"Matt O'Connor, Deutsche Bank (follow-up)","Jane Fraser, CEO / Gonzalo Lucchetti, CFO","Okay. And just remind us in terms of how much capital might still be freed up. Obviously, it is a little bit dependent on the valuation. You also have capital against the business. So maybe just give us a rough estimate and kind of current valuation, how much capital would be freed up to offset the earnings give up?","Yeah. And just before we get there, I do remind you when we do we will take a big CTA hit. That is capital neutral. So I am I do not I think that very much bears repeating for the beginning of 2027. But, Gonzalo, over to you.""

**Answer (Lucchetti):** ""Yes. Thank you. Now the short answer on the cap piece is around $5 billion. And the RWA tied up there is about almost $40 billion a little bit over $40 billion of RWA. Thank you.",,,
45,Citi,C,"Saul Martinez, HSBC","Jane Fraser, CEO / Gonzalo Lucchetti, CFO","Hi. Thanks for taking my question. So just 1 question. But I wanted to hover on the investment theme as it relates to the cards business. You know, you have you have invested there quite a bit. You rolled out Strata Card. You bought the Barclays portfolio. And but when I look at your business versus your best in class peers, Capital 1, Amex, their spending, I think, around $6 billion in marketing, Chase is in sort of that mid single digit billions in marketing. And I and I know there is there is some probably, some differences in terms of reporting and accounting classification.

But is it an acknowledgment that maybe you need to be more aggressive on promotions, marketing, campaign, benefits? And just how should we think about the magnitude of the incremental investment in the second half that you talked about going, you know, you mentioned expenses exceeding revenues, but that was already the case in this quarter, I think. So just is there any way to sort of think about, you know, the size of the headwind going forward? Or the size of the investment going forward?","Okay. Yep. Let me kick that 1 off. Yes. In short, we are going to be increasing our marketing spend and that is the scenario Pam laid out at Investor Day We are making investments across the flywheel, so it is in investing in our products, marketing for customer acquisitions, also in our partnerships. it is in our lifestyle platform. it is also importantly in AI to drive scale economics as well, and all of this will translate into growth, but you can expect us to be increasing marketing spend to drive that. Customer acquisition for the long term.

These things do not pay off quickly, and I also want to clarify the positive when you talked about the operating leverage, that is only in cards. it is not for the rest of the businesses.""

**Answer (Lucchetti):** ""Yes. Understood. Yeah. Absolutely and thanks. So I do not think I have much to add. I think Jane was very clear. We are we are not at this point, we are not providing guidance specifically on the level of investment in each of the businesses. Including cards, but as you know, and Jane just mentioned, this is a business that is built over several years It is what you highlight in terms of, you know, competitors really spending a lot. it is a highly competitive space.

Because, obviously, it is a space that allows you to access, you know, good returns We are pleased to be, you know, a number 3 or number 4 player depending on what metric you look at. I do not know. Outstanding spaces for number 3. And so our, you know, our focus, as we spoke about our investor day, is to really drive that growth. And make, you know, share gains over the near and medium term. And so we are focused on that. You can see us playing a combination of the portfolio acquisition with Barclays and American Airlines.

But also, even if you take that out, you are gonna see us you can see us-- you alluded to the strata portion of that, and there is a little more, you know, behind that as Jane just alluded to on the loyalty front and so on. So we are focused high returning business, and we know it will take some time. Thank you.",,,
46,Citi,C,"Chris McGratty, KBW","Jane Fraser, CEO","Thanks for fitting me in. Just on the wealth business on Slide 11, improvement in the pretax margins year on year is notable as is the NNA growth. Maybe a comment or 2 on what is changing. I know you are you are investing here heavily. Any color on recent wins would be great. Thanks.","Yeah. Look. I think it is it is not a lot of difference from what Andy laid out, at investor day. They are doing a very good job steadily translating growth into returns. So with revenues up 13% year on year, that is more like 16% normalized for those 1-timers. You are then seeing this translating into the higher returns. We have got a clear path to the 15% to 20% and we have got a number of different drivers beneath that. Be it the integration of the retail bank with wealth, helping us drive more of the customer conversion from deposits to also having wealth activity.

As well as what we are seeing from capturing wealth creation globally from our global network and the relationships we have got. So it is kind of firing on all cylinders as we steadily march to improving the returns and margin of the business. Thank you.",,,
47,Citi,C,"Kun Peng Ma, China Securities","Jane Fraser, CEO","Good day. it is from Boeing China Securities. Thank you for taking my for taking my question. I have a follow-up on the services business. For the very strong TTS rep not net interest income growth. I believe besides the deposit volume growth, there must be some tailwind from the higher for longer rate environment. Right? So you see it looks forward, if the if there is not if it is not higher for longer for the rate, you know, how can they forecast the mix of the of the TTS revenue growth in the future.

And also, can we have more detailed breakdowns geographically of the performance of the services business you know, be beyond The US, ex US scope. Because, you know, I am based in China. I can I can feel the very strong demand directly and personally for years? But, you know, this market state are also very competitive. Lot of competitors here. So it will be, you know, super helpful. If we can have some color on how city keep growing your market share here.","Thank you. Yep. Look. We are we are not gonna give a breakdown geographically for the business, but I it is very fair to say that this is clearly with the growth you are seeing, a business that is firing not only on all cylinders, but also in all geographies. What we If you look at the institutional market share gain, we are up 120 basis points year over year, I would also point to client wins. Client wins are up 36% year over year, We have been focusing on increasing share with asset managers That is up 250% and we have been increasing our share with fintechs. We have had growth of 20% there.

And a lot of the growth beyond the movements in rates has come from the innovation that we have been making in the product suite. Our clients choose Citi because we lead with innovation. And as we lean into disruption, they are all opportunities for us to lead. They are not threats to us. And so AI is opening up many new vectors of growth and also competitive edge. So in terms of as you are thinking about this business going forward, I think you can be feeling a lot of confidence about our continued momentum in fees, our continued momentum in volumes, and then the rates curve will be what the rates curve is.",,,
48,Trade Desk,TTD,"Shyam Patil, SIG","Jeffrey Green, CEO","Jeff, you described well the factors that you're seeing put pressure on the business from macro, pricing pressure, your own execution. If we shift to thinking about the remainder of this year, what are the top 2 or 3 priorities that you guys have to stabilize the business?","Thanks for the question, Shyam. So let me just first acknowledge that what we've shared in terms of our performance as well as our guide is below our expectations, and we don't think a reflection of the long-term potential. And I do worry that I -- that we don't want to overstate that while there are a couple of pockets that are under some amount of pressure, overall, the business is growing and overall, the -- every division or every sector that we represent of the economy, most of them are doing very well. And of course, we can't control the macro, but we're overall very positive.

So in terms of the things that we can control and the things that I'm most excited about and that we have to get right in order to do well going forward. First, we have to upgrade Kokai. And we'll -- as I mentioned, we'll launch [Zuma] later this month. And this represents substantial platform usability upgrades and helps us get the best out of AI, which we've already added.

Second, we just want to continue to innovate in some of our key products, and this is definitely not all of them, but some of them that we're most excited about and most focused on are our product and measurement, which just helps the biggest brands in the world see where incremental business outcomes are truly coming from. This will help us ascribe much better credit for what we're actually producing, which are, in most cases, dramatically understated today. We'll also ramp up Audience Unlimited. This has been in just early phases, but the early results have been remarkable. And to get that in the hands of a lot more customers, we think we'll just spin their flywheels even faster.

Measurement will spin everyone's flywheel faster on the platform. Audience Unlimited will do the same, and both of them are just in the hands of very few customers today, and the results are extremely positive. We're also -- we've also been introducing the concept of enterprise Kokai, where we have some massive growth rates with companies who negotiate the features upfront and then use every one of our products. We sometimes do this through JBPs, where, as you might recall from our prepared remarks, we have signed over 200 JBPs through Q2, which represents 38% year-over-year growth.

But JBPs grow at least this year at a rate 6x higher than overall revenue growth, which I just think might be the most bullish number that we can share and have shared today is that as we continue to double down on JBPs and getting closer to our partners and developing plans to grow well into the future that we see just a tremendous opportunity. To that end, we have a team that's just dedicated to growth, which, in some cases, is actually winning back customers that we've lost at some point. That team has grown their book of business over 250% year-over-year and is the fastest-growing individual team in our business development team.

And of course, of the top 100 accounts, the majority of them are actually growing in double digits, again, just underscoring that most parts of our business are in a very healthy place. And then the last thing, and I can't overstate the importance of this. We have added an amazing number of industry leaders to our leadership team. And most of them have been here a very short period of time. And so we, of course, are giving them the room to get things up to speed and to continue to help accelerate our growth. But in order for us to get back to growth, we, of course, need to help them get back up to speed.

And I look at that as important of any -- it is as important as any of the initiatives that I've talked about today. So we believe that all of these together, regardless of the macro environment, will position us to be even stronger and get back to more durable growth when the conditions change. Thanks for the question, Shyam.",,,
49,Trade Desk,TTD,"Vasily Karasyov, Cannonball Research","Nathan Olmstead, CFO","My question is for Nate. Given the outlook for Q3, which I think also means that weakness will persist into Q4, at least as well, how should we now think about your long-term profitability framework, how you approach that side of the business given the revenue trajectory? And what's your philosophy in terms of investment internally? Would appreciate your thoughts on this.","Yes, sure. Thank you for the question. Listen, I think we have a very long-term focus and continue to see great opportunity to drive long-term growth and profitability. I think in terms of the investment philosophy, as mentioned in the prepared remarks, we're going to invest with conviction in areas where we see attractive returns. I think importantly, we will be equally disciplined everywhere else. So we'll apply a lot of rigor to how we evaluate investments and then allocate resources. And I think if we do that well, we believe that we can drive stronger long-term growth and profitability. So stay tuned as this work progresses, we'll keep you updated on our long-term profitability framework and overall operating objectives.",,,
50,Trade Desk,TTD,"Matt Swanson, RBC","Jeff Green, CEO","Jeff, there seems to be somewhat of a disconnect between the opportunity as you presented in terms of growth across the various modalities and at least the short-term guide, which I think implies about 12% decline year-on-year for Q3. And I'm assuming that will probably sustain itself into Q4. Is there a way to kind of parse out the impact of what you control versus what you cannot? I think in your prepared remarks, you talked about 2 areas. One is macro, the other is execution. So any way to kind of help us maybe quantify both to kind of see what you can turn around even if the macro continues? And just very quickly, maybe just provide us an update on the status of your relationship with some of the big agencies, maybe the Publicis in particular.","Yes. So a lot to unpack in all those. So let me just parse between first, the things that we can control and the things that we can't. Obviously, we can control the things that we ship and the product that we put in market, and we, of course, can control the team. We spent a lot of time already on this call talking about how we've enhanced both. We've enhanced both our product and our team.

And then, of course, we can look at all the ways that we're executing all the operations, all the things that we do internally, how we allocate resources and just scrutinize all of it and make sure it's all pointed in the right direction and pointed towards growth. That we're doing every single day with a higher degree of rigor than we ever have before. On the macro, of course, there are some places where there are just amazing secular tailwinds. There are parts of technology that have amazing tailwinds. Some of our pharma clients who have GLPs, they're all doing really well. There are a whole bunch of parts of the economy that are doing really well.

And in fact, I would say most of them are. We made references to things that are affected by whatever amount of bifurcation is happening inside of the economy where lower income consumers are under some amount of pressure. And we definitely see in some of the brands that are targeted at products that are more toward that part of the market, where they're also seeing some pressures, not just in the CPGs, where, of course, that shows up, but -- and not just in the autos where some of that shows up as well. But in some of the other categories, that also shows up a little bit. But overall, those are doing very well.

Of course, the macro isn't in our control. But because we're growing in so many other areas, we're extremely confident that we're focused on the right things. As it relates to your question about the agencies, I was actually hoping that this would come up because I think it's really important to note. We built this business on our relationship with the agencies. They've been a phenomenal partner to us over the years. All of them have been critical to our success. They're all in periods of transition right now. But overall, our partnership has been phenomenal with each of them, and that includes Publicis. They've been an important partner for us for over a decade.

Of course, there were some public disputes about what was essentially a negotiation but that's behind us. And we have -- we've spent a lot of time on this call already talking about our Joint Business Plans. It's really important to me that I explain or express that Joint Business Plans with brands and strong agency partnership are not mutually exclusive. In fact, many of our brand JBPs are developed in collaboration with their agencies. So when we talk about that being one of the most bullish things that we're doing, that's in part because of better integration inside of the agencies and better partnerships.

And then lastly, as it relates to the agencies, one of the things that we're doing together in many cases is working on white label products of both Audience Unlimited as well as agentic AI products. So when I put those in the road map as well, things that we can do with them to leverage their data assets as well as improve decisioning for them using agentic AI where they find efficiencies. And of course, we do too, and enhanced decisioning along the way.

We didn't really have time in the prepared remarks to talk extensively about some of those investments and some of the advancements that we're making in agentic with our agency partnerships, but it's yet another reason to be really bullish about the future. It's going to take some time for those to pay off in meaningful ways, but that's part of the reason why we're being so deliberate about our own discipline as well as where we make investments. Thanks for the question.",,,
51,Expedia,EXPE,"Eric Sheridan, Goldman Sachs","Ariane Gorin, CEO","Thanks so much for taking the question. Maybe just one, building on the prepared remarks. Would love to go as deep as you're willing to go on how you're thinking about the interplay between AI native channels away from the platform, some of the efforts you're making to build AI solutions that are consumer facing on the platform and traditional advertising channels, in terms of thinking about driving return on ad spend and conversion over the medium to long term. Thanks so much.","Sure. I'll take that. I'll start with what we're doing in our product, and I really think about it sort of in two categories. There's what are we doing with AI in our product right now that is delivering results in our core business? The second is, what are we doing in our product that's not necessarily delivering conversion right now, but we know is helping us better understand travelers and is going to have compounding benefits over time? In that first bucket, it's using AI for better recommendations, for better ranking, for personalizing the UX and the content. There, we are seeing immediate impacts, and it's not only just improving conversion, but you can imagine, as we're getting traffic, whether it's direct traffic or paid traffic, that is improving. In addition, I would say, just as an aside, is all the work we're doing in using AI in our technology teams in order to increase our cycle time is allowing us to innovate a lot faster. That's what we're doing in the product to increase conversion now. Also in the product, we're introducing these natural language experiences like Vrbo natural language search on the homepage, or these agents like Property Expert or AI Compare. Those are not driving conversion right now, but what we're finding is that you get over 60% more information about traveler intent, and that allows us to deepen the relationships with the traveler. Over time, I believe that's going to drive deeper conversion. That's what we're doing in our product. I also believe there's a big growth opportunity in getting access to travelers who are starting outside of our brands in these AI experiences. As a reminder, two-thirds of our bookings in our consumer brands come direct. Of the third that is coming through paid channels, obviously AI experiences, whether they are with ChatGPT or Claude or Google's new experiences, are new opportunities for our brands to show up there. It is early days. I would say that's an area that's fast-moving. The algorithms, the search UXs, all of that is moving really quickly, and so we're staying close to it and vigilant. We are testing and participating everywhere that things are evolving, and I see that over time as opportunities to bring more travelers into our business. There's a lot of complexity of how do you understand what the prompts are so that you can land them well in our product, again, I see that as a big opportunity.",,,
52,Expedia,EXPE,"Justin Post, Bank of America","Ariane Gorin, CEO / Derek Andersen, CFO","Great. Thank you. Just on the B2B side, there could be some more competition coming down. Could you talk about the advantages you offer your partners and also the stickiness of the contracts that you have? Obviously lapping some of really good marketing efficiencies that started in the third quarter, how do you think about the potential for further marketing efficiencies from here? Thank you.","Well, I'll take the first one, then I'll hand it over to Derek Andersen for the second one. The thing about the B2B space is it's always been competitive. I've been in it for over a decade, it's always been a competitive space. The good news is there's a very large addressable market for B2B partners. When I think about what we bring to the table, obviously we have great supply and content, strong technology, really great servicing, great partner accompaniment sort of as we think about the integrations. Obviously I'm not going to talk about individual partners, but some relationships are exclusive, some are not exclusive. My view is we have to be proving day in and day out to our partners that they can trust us to build their business on top of us. I think it's been important for us for many years that it's a standalone business, a standalone P&L that has resources that it can invest on its own. I'm excited about the investments we're making to build out the one-stop shop value proposition so that we can offer all components that a partner might need to build their travel program. That was the announcement of CarTrawler this quarter, the acquisition we did of Tiqets. It's really so that we can have that complete one-stop travel shop from supply to technology to servicing and beyond.""

**Answer (Andersen):** ""Interesting. As it pertains to the contribution of marketing to the operating leverage and margins overall, you're right, we did make substantial progress over the last year in terms of driving margins. We are going to begin lapping that in the second half of the year. We had the substantial reductions in marketing spend and driving out inefficient spend, but also redirecting spend to more productive channels. That's been a big contribution over the last year, and you can see that in the margins. We also made progress on overhead as well, so it's a broader picture than just marketing. As we go into the third quarter and the quarter ahead in the second half of the year, we will begin lapping those things. However, the structural improvements that we've made on the marketing program are going to endure and give us a base to drive further efficiencies off going forward. We've also continued to make incremental progress on the rest of the cost structure, and I'd just point to the fact that overheads were flat year-over-year in the most recent quarter, even as revenue rose 14%. We're committed to continuing to drive our strategic pillar of operating efficiency and scaling out margins as we go forward. I think you'll see that reflected in the update that we made to the full year guide, where we took the EBITDA margin expansion range up to 150 to 175 basis points for the full year.",,,
53,Expedia,EXPE,"Douglas Anmuth, JPMorgan","Ariane Gorin, CEO / Derek Andersen, CFO","Great. Thanks much for taking the questions. I have two. Can you just talk about how some of your views just around geos have changed over the past few months? In particular, you mentioned Europe remains pressured, especially outbound. Also, what you're seeing with APAC, given some of the rebound there from the Middle East disruption. Then, Derek Andersen, if you could also just walk through some of those back half dynamics on margin expansion where you talked about moderation in Q3 and then stronger Q4. Thanks.","Sure. I'll take the first part. Then Derek Andersen can take the second one. Just in terms of the geo trends, the good news is we have a geographically balanced business. Certainly, our consumer business is two-thirds in the U.S., a third outside of the U.S., and our B2B business is really the inverse. We have supply that is able to respond to whatever the traveler demand is. Obviously, we're going to lean in more where we see the most demand. So where we see the greatest returns. My view is, what we've always seen is, over time, demand rebounds across the world. We'll take advantage when there's strength in one geo versus another. We have a long-term North Star with continuing to grow our business in the areas we're strongest, and then identifying some geographies where our consumer brands have relevance, but haven't yet, in our mind, gotten to our fair share.""

**Answer (Andersen):** ""As it pertains to the go-forward margin side of things, number one, I would reiterate we remain committed to our strategic pillar of driving operating efficiency and expanding margins over time. In Q3 specifically, there are a few factors that will weigh on the margins in the very near term. One, as you mentioned, that we're going to lap some very substantial reductions in the cost structure from a year ago. That'll weigh a little bit on the margins in the near term. The other is we'd also made progress not just on marketing, but overheads there. We have some FX net headwinds that'll impact us in Q3 that are really a factor on the margin as well. That said, if you look at what I shared earlier about the update to the full year margin expansion guidance of 150-175 basis points, that implies that in Q4, at the midpoint, we'd be expanding by about 50 basis points there. That we'll see some of the pressures that are specific to Q3 ease there, but we'll also see the ongoing benefits of our efficiency initiatives continue to build over time. The margin expansion won't always be perfectly linear, but it is a very important part of the strategy and something that we're committed to continuing to drive out.",,,
54,Expedia,EXPE,"Jed Kelly, Oppenheimer","Ariane Gorin, CEO / Derek Andersen, CFO","Hey, great. Thanks for taking my question. Just circling back on B2B, getting a lot more investor comp questions just on competition. Can you just talk about where we are in the competitive landscape? Just on a follow-up on B2B, seems like that overhead expense increased a decent amount in the B2B segment. Was there anything there to call out? Thank you.","Sure. I'll talk about competition. As I said, it's a big target addressable market. If you think about the travel business, it's over $3 trillion. If you exclude hotel, airline direct, and the three big OTAs, there's still a lot of space there. For us, we just look at whether it's in offline retail, other online travel agents, loyalty programs, corporate travel agencies. Where are all of the places that people are looking for when they look to travel beyond our core consumer brands, how do we make sure that we're showing up well? I think competition forces you to be better, whether it's be better with having more service offerings, having better service levels, and the like. Our focus is just making sure that we've got a great value proposition. In fact, Derek Andersen can talk about it, but I assume some of the expense you're seeing is related to the build-out of our additional lines of business. Because that business today is very lodging-focused. We do sell other lines of business, but over time, we want to become that one-stop travel shop.""

**Answer (Andersen):** ""Yes, Jed Kelly. First, in terms of the margin point, Ariane's exactly correct. There's investments going into the B2B segment to drive that one-stop shop and build out our lines of business. One aspect of that is that we had the digestion of Tiqets and that acquisition in Q2, that would have weighed a little bit on the cost that you're seeing. The other is a little bit of the geography of the FX hedging and where that shows up in the P&L, you're seeing a little bit of that show up on that line item and impacting the margin as you pointed out. Hopefully that context helps.",,,
55,Expedia,EXPE,"Ken Gawrelski, Wells Fargo","Ariane Gorin, CEO / Derek Andersen, CFO","Thank you very much. Two, if I may, please. First, could you maybe talk about your approach to the marketing landscape? There's been some changes on the search side, SEO has been called out from many companies in the consumer landscape. Could you just talk about what you're seeing there first, maybe? Then second, if I may, as you think about your second half outlook, maybe, I apologize if I may have missed this, but could you talk about your outlook for ADRs and maybe the environment we might be in as we think about the difference between bookings and nights growth? Thank you.","Sure. I'll take the first one, and then Derek Andersen can take the second one. When I think about organic traffic, and I'm going to bucket together SEO and AEO, for us, organic search traffic is stable to slightly up. Now, as I mentioned in my prepared remarks, AEO is one of our fastest-growing channels, and SEO has remained a bit soft, but it's stabilized over the last few quarters, and I think it's due to the great work that our team has done. A number of quarters ago, we organized a small team to look at organic across the board, AEO and SEO, and they've increased testing velocity, both technical and content. As I said, they've been doing more tests. They've been using AI across the board in order to improve our performance in that channel. Now that being said, as I said earlier, it's a fast-changing space. We're seeing algorithms and search page changes more prevalent and happening faster than they have in the past, which is why we're staying vigilant. We're monitoring, we're reacting to them. Today, we think we're getting at least our fair share, but organic is an important thing to us, so we're making sure that we're staying on top of it.""

**Answer (Andersen):** ""In terms of the second half guidance on bookings and so on, we're assuming that the healthy demand trends that we have seen through Q2 and to begin Q3 here persist, and that's led by a particularly strong U.S. and domestic market. We do, of course, see an environment where the conflict in the Middle East is having some impacts. The sort of direct impacts in that region, our business there is relatively small, and so the impact is lighter. However, there are secondary impacts impacting jet fuel prices, which have an impact on airline prices and ticket prices. There are some secondary impacts, but the strength overall and the resiliency in the travel market and consumers continuing to prioritize travel has led to a relatively resilient environment. That informs our guide for Q3 and the updates we made to our full-year guidance. As it pertains to bookings and room nights specifically, we do have much tougher comps in the second half of the year, and so we've incorporated that into the guide for Q3 and the update that we've made for the full year. We do expect the growth rates to decelerate as we see those comps, although probably more so on the booking side, a little less so on the room night side, but we will face much tougher comps on both of those numbers.",,,
56,Expedia,EXPE,"Lloyd Walmsley, Mizuho","Ariane Gorin, CEO / Derek Andersen, CFO","Thanks. Derek Andersen, great to be interacting with you again in a new forum. I wanted to just get your sense of anything that surprised you the most, or where do you see the most opportunity as you dive into a new business? Was the first one. Then, just a second one, as you all look at the AEO channel, it sounds like it's more meaningful for you all and growing faster than what some of your peers are seeing. Is there anything you can elaborate? Do you think it's a bigger consumer activity in the U.S., or you guys are just sort of approaching it in a unique way? Do you think it's likely to be meaningful anytime soon? Anything more you could help us understand would be great. Thanks.","Sure. Why don't I start with that one, then Derek Andersen can take your first question. Look, AEO is still a small channel. As I said, it's one of our fastest-growing channels. I believe we were early in organizing ourselves around it and understanding not only what visibility were we getting in prompts and answer and AI search, but also how do we make sure we're getting the right visibility. It's a combination of work we're doing in our brands, the brand value propositions, obviously a lot of technical work. What I find exciting about it is it's changing really quickly. It's figuring out how do we make sure our brands show up either completely organically? Are there opportunities with these connectors or micro apps, for example, in Claude and ChatGPT? It's fascinating to see there are some cases in which we can control a bit more what the interface is, where our brand shows up, and others where we can't. I think it's too early to declare anyone's getting a lot more versus less. I can just tell you that we have a team focused on it, and that it's not just the technology of it's also all the work we're doing on our brand value propositions, on making sure that we have great, full and complete content, and making sure that your travelers understand that when they come to Expedia or Hotels.com or Vrbo, they're going to get a complete shop. They're going to get a loyalty program. They're going to be able to have payments in all different currencies. Just it's really that full value proposition that we need to make sure comes through.""

**Answer (Andersen):** ""Lloyd Walmsley, look, it's great to be engaged with you and your team again as well. Before joining Expedia, I'd say that I was really excited about what I saw and the opportunity in the travel market. The scale of the industry is immense, the total opportunity set is huge. For this business specifically, I was excited about the leading consumer brands in some of the most important markets in the world, and the opportunity for us to continue to grow beyond that. The B2B business as a leading B2B platform in the world as well. It gives the business a lot to work with. I spent a lot of time looking at how well the team has executed over the last couple of years and the results that they've been able to drive to build momentum in the business is really impressive. It was exciting coming in. I think that what's more exciting is that after a couple of months in the building and working with the team, most of what I hoped would be true on the way in the door has proven to be true. I'm particularly pleased with the quality of the team here and the consistent focus on operational execution. I think probably the last thing I'd mention is just that it's exciting how much of what lies ahead of us in terms of opportunity is something we can capture through our own execution and scaling this business efficiently. I'm excited to dig in with the team and capitalize on that.",,,
57,Expedia,EXPE,"Deepak Mathivanan (asked by Cameron, on his behalf), Cantor Fitzgerald","Ariane Gorin, CEO",Thank you. This is Cameron on for Deepak Mathivanan. Just one quickly on B2C. Seems like there is some nice margin expansion there this quarter. Can you just give some more color on the drivers of margin expansion here? What does the runway look like into 2027?,"As you rightly say, we had nice margin expansion. We grew our bookings 8% while leveraging marketing spend, which was only up 1%. That came from our fastest U.S. growth in 15 quarters and a healthy environment. I would say it came from really pulling on all of the levers of the marketplace, improvements in the product, whether that is recommendations, ranking, improvements all along the funnel. For example, optimizing the checkout in Vrbo. It came from growth in our supply footprint. As I said, the May sale was a record-breaking sale for us, making sure that travelers know that when they come, they are going to be able to find what they are looking for, driving attach in supply. The performance of our top tier loyalty members, so silver and above, did really well both in bookings and then also in retention. In marketing, as you saw, yes, we've had good marketing leverage. It's not just that measurement that allows us to better understand incrementality and returns. The team is also doing some really fantastic work around using technology to be more effective. They're developing these agentic systems to create personalized ads at scale, both using our technology and using third-party technology. I look at it and of course, I see all of the areas that we can do better, but I also see so much good work that the team is doing. I'm just really pleased to see that margin expansion.",,,
58,Expedia,EXPE,"Mark Mahaney, Evercore ISI","Derek Andersen, CFO","Two questions, please. One on advertising revenue. Just an update on the traction you're seeing there. I think over time you've been trying to thoughtfully roll out advertising revenue to more surfaces like Vrbo. Just an update on that. Secondly, I think you touched on it briefly, but the impact of World Cup in Q2 and Q3, was it material at all to Expedia? Thank you very much.","Hi, Mark Mahaney. On the advertising business, growth was stable relative to Q1 and Q2. As we look at the future growth opportunities for the business, we see a lot of opportunity to sustain healthy growth there. Some of the drivers you pointed out, more geographical reach, extending our existing ad solutions into our B2B and Vrbo business lines. Also monetizing on more areas of our sites. On Vrbo specifically, it's very early there, but we are excited about the opportunity to build on that over time, but it's early. We got a new leader there also. This is a business that I personally am familiar with, so I'm excited to dig in with them and help build this out over time. To your question on the World Cup, as Ariane Gorin mentioned in prepared remarks, we did see bookings related to that come in late, and the impact of that on the quarter was relatively modest overall. We saw it show up more in ADRs than we did in room nights, and the impact of the quarter overall from a bookings perspective was modest.",,,
59,Expedia,EXPE,"Kevin Kopelman, TD Cowen","Ariane Gorin, CEO",Thanks a lot. Could you just give us some more color on how you've seen U.S. and Mexico trips progress as we've gotten further away from the security incident that you called out last quarter? Thanks.,Yeah. I would say we've seen a normalization. Yeah. We've seen a normalization.,,,
60,Expedia,EXPE,"Kevin Kopelman, TD Cowen (follow-up)","Derek Andersen, CFO","Okay, great. Could you just touch on B2B sales and marketing? It looks like that ticked down year-over-year for the first time since you started disclosing that. What are the key drivers there, and how are you thinking about the second half? Thanks.","Sure. On B2B margins, first, we're really pleased with what we're seeing in the growth on that business. In the very immediate term, the big drivers on B2B margins include partner mix and the pace of our own investments in the long-term growth of that business. On partner mix, we've continued to see strong partner promotional activity. We saw that in Q1. It persisted throughout Q2. That's a big driver, is that some of our larger partners are active in that space. In addition, we are prioritizing the growth of that business long term, given how significant the opportunity is. We're investing in building out and/or acquiring, in the case of Tiqets, new lines of business to support our one-stop travel shop, enhancing our product capabilities to better support our existing partners, and also in our partnership and sales to grow our partner base. We have over 70,000 partners today, looking to grow that and through lines of business to deepen our partnerships and business over time. That's shaping the drivers of the business in the near term, both from a mix and margin perspective. Hopefully that gives some context. I would just reiterate, we can invest and continue to make progress on margins. If you think about our strategic pillar around efficiency and margin expansion, we're committed to that and are driving that across the business.",,,
61,Expedia,EXPE,"Naved Khan, B. Riley Securities","Ariane Gorin, CEO","Great. Thanks a lot. Two questions from me. One, Ariane Gorin, as you mentioned, you're seeing good attach rates in Expedia. Maybe just talk about what are the products that are seeing the most attach rates, where you're seeing the most success. The second question I had is just around the Uber partnership. Any early read or any color you can share in terms of how that's rolling out, and what are you contemplating in your guidance in terms of contribution from this new partnership? Thank you.","Sure. I'll take the second one first because it's going to be quick, which is we don't comment on individual partners. I'm not going to comment, and it's not going to be material to our guidance. On the first point on attach, it really depends on does the trip start with a flight, in which case we're more likely to attach a lodging, a hotel, or a vacation rental or a car? Does it start with a hotel, in which case we might attach a car or insurance? Actually, part of what's behind the record attach rates is the personalization we're able to drive by understanding what is the next best thing to recommend to a traveler. As I said, if they've taken a flight, they've already booked a flight and it's in a certain destination, we might know, okay, actually, the next best thing to propose is a hotel, and it's one of these three properties. It can be based on the trip and information we have on the trip, or it can be based on what we know about that traveler. The team has really been honing in and optimizing those recommendations. In addition, they've done a great job really optimizing the UX and the design, figuring out where is it that we put the attach messaging, where is it in the app, where is it in the post-sale communications. It's really a combination of all of the above.",,,
62,Expedia,EXPE,"Naved Khan, B. Riley Securities (follow-up)","Ariane Gorin, CEO","Maybe just to kind of drill into that, what kind of runway do you see ahead in terms of continuing to drive attach rates higher? Where are we in the innings?","Yeah. I would say there's still quite a bit of runway. We have good stats that tell us of people who book one trip element with us, how likely are they to have another trip element somewhere else. Without going into what exactly those numbers are, I can tell you I certainly see additional runway to have more multi-item trips, even if I believe right now we're best in class, but there's still upside ahead of us.",,,
63,AIG,AIG,"Alex Scott, Barclays","Eric Andersen, President and CEO","First one I had for you is on the leverage in the business. I mean when I look at AIG, I mean, you guys have done so much on the combined ratio and expenses, and you really look similar to peers on a lot of those metrics now, but the ROE is still lower than peers, mostly because of, I think, the premium leverage in the business. And so I just wanted to get your feel on how do you think about the excess capital that you have? Is there anything structural that prevents that from moving up more significantly? And how do you manage that through a soft market where it's a little bit more difficult to grow?","Thanks, Alex. There's a lot of questions in there. Let me start by saying just from an excess capital standpoint first. As an insurance company, we're pretty fortunate to have a rock-solid balance sheet. And as I think I said in the prepared remarks, we see a lot of opportunities to grow the business. And so our preference is to focus on growing into the capital base. But at the same time, I think we've demonstrated that we're big believers in returning capital through buybacks and dividends, which is a focus for us as well.

I think you also saw that we've entered into select targeted transactions over the last 12 to 24 months that do contribute to premium volume and capabilities, which has been additive to the portfolio, and we're going to continue to look for things that fit that same category. But ultimately, we're well capitalized. We have strong liquidity. We have debt capacity, 3 important strengths that drive and are so important for us as a global insurer. And ultimately, to get to the high end of the ROE range that we talked about at Investor Day, it requires strong execution around underwriting, around expense discipline, investment income, capital management. We're focused hard on the underwriting profitability.

We're focused hard on driving higher yields and then talking through how we actually support the balance sheet with the financial flexibility. So we feel pretty good about where we are, and we see a lot of opportunities in the future.",,,
64,AIG,AIG,"Meyer Shields, KBW","Eric Andersen, President and CEO","We've heard a number of executives talk about how social inflation in the U.S. may be leveling off or moderating a little bit. And I'm wondering, setting aside what you're booking and what you're embedding in pricing, what are you monitoring? And what are you seeing in terms of the pace of social inflation?","Meyer, thanks for the question. Listen, I think there's been a lot of talk around social inflation and litigation funding and all the aspects that have been driving everything from nuclear verdicts to just overall cost increases. I would say there's been some efforts in some states, whether it was North Carolina around litigation funding, New York on auto reform, all good green shoots. But ultimately, we haven't seen anything that says that it's moderating at this point, and we're certainly not building that into our pricing at this stage.",,,
65,AIG,AIG,"Meyer Shields, KBW (follow-up)","Eric Andersen, President and CEO / Keith Walsh, EVP and CFO","Okay. Perfect. And then a quick question for Keith. You talked about getting accident year '23 excess casualty sort of in line with subsequent years. And I understand why that wouldn't have an impact on any need for changing this year's loss picks. But what about accident year '22, '21? Is there significant IBNR there that would also need to be reviewed?","Meyer, maybe -- this is Eric. Let me just jump in, and I just want to provide 1 or 2 comments before Keith answers that question, which he will do well. I think he laid out in the prepared remarks sort of the factors around our reserving process, right, whether it was the limit management strategy, the re-underwriting, the reinsurance program, the reserving philosophy. And I personally spent a lot of time in the last couple of months going through with the team our reserving process, how we build the loss picks at a granular level, what the actuarial claims and underwriting triangulation does to get ahead of trends, the robust governance over it.

So I feel really good where we are. But with that, Keith, why don't you add a little bit of color?""

**Answer (Walsh):** ""Yes. Thanks a lot, Eric. Meyer, as we look at our reserves there's ranges of estimates that are informed by different methods and assumptions. Eric commented on our process, so I won't repeat that. What I'll tell you is we made the comment predominantly in accident years '16 and '23, and that's where we saw the impact. But our experience, specifically on '23 is broadly in line with our expectations, and we continue to be in our expected range of outcomes, and that includes the more recent accident years as well. For 2023 specifically, we took the opportunity to move up in the current range. And that now brings us to a similar level to years '24 and '25.

We're not seeing material or any deterioration, any real deterioration in '23 and no change in frequency or severity. We just felt it was simply prudent to move up in that range to be more consistent.",,,
66,AIG,AIG,"Brian Meredith, UBS","Eric Andersen, President and CEO / Keith Walsh, EVP and CFO","So 2 quick ones. First, I guess, for Keith, I'm just curious, Keith, you talked about how the acquisition ratio is kind of trending up a little bit because of mix shift. What is the impact that's having on your core loss ratios? And do you expect that to continue to kind of trend upwards here as perhaps you shift out of property and more into the casualty lines?","Listen, let me just open with that for a second because I do think it's important to just lay a few comments on top of it. Certainly, as rates moderate across the portfolio, you're going to see some pressure on the loss ratios. It's something we watch. We talked -- I think, in the prepared remarks, we mentioned what we've been doing in the E&S portfolio. We mentioned that we're talking -- we're looking at the energy business just to make sure that we're getting the right price for the risk-adjusted return that we're looking for. So business mix is going to be an important part of this.

But I think on the acquisition ratio, I think the point we're trying to make here is that there are certain portfolios and certain transactions that may add to the acquisition cost, but ultimately, you provide less expenses to that portfolio. And so it improves the overall expense ratios, but it just comes in different buckets. And so I think we're trying to do is get you to look across the whole in its entirety versus the individual pieces. But with that, Keith, anything you would add?""

**Answer (Walsh):** ""Yes. Thanks, Eric. And just specifically on the loss ratio piece, mix is a big part of it, Brian, as you mentioned, and we've been talking about this for several quarters as we have pulled back or reduced in the property market. And remember, second quarter is a very large quarter, and we've gotten larger in casualty, you tend to get that mix shift and you get the loss ratio tick up a bit. More broadly speaking, you've seen this in the commercial lines book for 5 of the last 6 quarters, right, as we've moved forward. I'll just make a broader comment, and this goes back to what we've been saying for the last couple of years.

Our accident year combined ratio adjusted margins have largely held. And that's a function of some of the pressures you're seeing in commercial lines loss ratios being offset by the really strong work that was done on the personal insurance side as well as the progress we continue to make on the expense ratio. So we feel really good about where we're at with our overall margins.",,,
67,AIG,AIG,"Brian Meredith, UBS (follow-up)","Eric Andersen, President and CEO","That makes a lot of sense. And then, Eric, just curious, thanks for all the commentary on kind of growth and how you're thinking about growing here. But how do you think about the pricing environment in your context of what the growth outlook is here and how you're thinking about growth via organic or inorganic? Are you thinking we're going to see consistent kind of pricing out like we are today, things get more competitive, do you think maybe look more towards inorganic versus organic? Maybe give us a little color around that.","Sure. It's a great question. It's something we talk a lot about. Listen, from a component of growth standpoint, we did 9% in the quarter, and we did 13% in the first half. And when we talk about the strategic transactions versus what we're doing organically, it's getting more difficult to distinguish between the 2 when you think about our underwriters and the way they are approaching each client and each program, whether it's an Everest renewal placement on top of an AIG placement, certainly, how we work that down into a structure for a client is important. So we take a client view as opposed to a transaction view.

But we do manage it internally just to make sure we've got eyes on it, as you would expect. So for us, it's really about can we get access to the right products at the right pricing with the right terms and conditions to be able to sort of do that with our clients. But as I said in the prepared remarks, we're not opposed to continuing to look for strategic opportunities where we can deploy capital and get the right return for ourselves, whether that's in the U.S., whether that's around the world, we're going to continue to do that because I do think it allows us to continue to broaden our relationships with our clients.

It often brings new talent and new skill sets to the organization. And so it's something you're going to see us continue to do.",,,
68,AIG,AIG,Michael Zaremski,"Eric Andersen, President and CEO / Jon Hancock, EVP and CEO, International Commercial","Back to the topic of growth and relative to the kind of the mid, maybe upper end range of the ROE goals that you set out at the Investor Day last year, which Eric, you mentioned on the call this morning. How big of a factor is the high single-digit to low double-digit premium growth to kind of get to that range in terms of operating leverage ultimately?","So listen, let me start with a couple of opening points, and then I'm going to ask Jon Hancock to jump in as well to get his perspective. But as I said a few minutes ago, I think we're having a great growth year. I mean 13% in the first half, I think, is an excellent result. But we are at a point in the cycle where cycle management becomes a primary tool to make sure that we maintain a disciplined approach to the market. We do think there's attractive organic opportunities in the market, and we're going to continue to be selective to be able to position ourselves across all 3 of our segments.

And maybe if you think about the strategic transactions we did, we knew going into this year that growth was likely going to be more challenging. And so converting them has been a big priority for the work that the team has been doing over the last 6 to 12 months as those things have come online. But listen, the property market continues to be under broader pressure. We talk about the E&S market a lot, but certainly, internationally, which doesn't have as much volatility, but certainly seems to want to mimic the U.S. market more and more as the days go by. But -- and casualty remains pretty attractive.

We're seeing the rate increases in the book that we need and to be able to hit our risk-adjusted returns. And we like the international portfolio. So overall, we actually see some great opportunities. But Jon, why don't you chime in with your thoughts?""

**Answer (Hancock):** ""Okay. Yes. Thanks. I won't repeat what you and Keith have already said. But I think it's worth just repeating, we take a prudent approach. We know where we are in the cycle. And this isn't the first time any of us have experienced a market cycle, isn't it? We've been expecting it. We've been preparing for it, and we're managing it for sure. And Eric said a couple of times, we have a really diverse portfolio across the globe, and we're seeing different market dynamics and different risk attributes actually in different parts of the world. So yes, it's a competitive market for sure, but lots of good growth opportunities.

So without repeating what's been said, I'll give you a couple of examples, I think, which are relevant. I mean Global Specialty, which we talk about a lot. I mean, we're market leaders in all of those segments. And we've seen several years of significant rate increase and strong profit. And that leadership means we can go after the business we want and at the same time, remain disciplined about obtaining the right risk-adjusted returns to hit those targets we talk about. And we expect to continue to grow. But I'd also call out energy within that Global Specialty portfolio, strategically important to us. It's one of the strongest long-term underwriting franchises we've got.

But right now, we're not happy with what we see going on in the market in terms of pricing, which we don't believe is reflective of the loss activity or the underlying risks actually. But we're not an index step to the market. We've got a great leadership team, huge amounts of management data. So we're taking the right actions all the way through. But we're watching it carefully. And in the meantime, we pick our way through the best opportunities. And I'll just give one more, I'll flip to probably the opposite end of the risk spectrum, actually. And we've talked about it a couple of times on the call. We talk about accident health a lot.

So in many ways, it is the opposite of Global Specialty, high-volume and low limit. We're recognized as a leader in A&H. We've been starting to show some really solid growth, which we expect to continue. We've got a global footprint in A&H, and we see good near- and long-term opportunities in a lot of the countries we operate. We've got a great pipeline already delivering some notable wins, and we expect to see more. So 2 micro examples across a broad portfolio.""

**Answer (Andersen, closing):** ""Thanks, Jon. And maybe just to put a bow on that topic. It does in this market and with our diversified portfolio, it gives us a chance to play both offense and defense under different market environments. But -- and we're focused on converting these advantages, but profitability is always the North Star, and we want to make sure as we grow, we're growing in a smart, prudent way.",,,
69,AIG,AIG,Michael Zaremski (follow-up),"Eric Andersen, President and CEO","Got it. That's helpful. And just quickly a follow-up, which a question on technology, but it dovetails on the growth conversation again. At the Investor Day and subsequently, you guys have discussed some kind of exciting initiatives to -- I guess I'd phrase it as get more business through the pipes in terms of being able to respond to submissions, et cetera. Is -- maybe you can kind of update us of is that having a noticeable difference yet? Or is that still kind of more of a work in progress?","No, that's a great question. And I would say maybe just from a little bit of personal perspective on it, and then we'll go into what AIG has been doing, which I do think is industry-leading and very exciting for our company.

But just from my background, an area of focus over many years has been working on the end-to-end insurance process, identifying ways to make it more efficient, more scalable, more effective, everything from how do we get more business to how do we process it more efficiently and how do we make sure we're delivering a better colleague experience and a better client experience, which are really a term you're going to hear us anchor to over in the future, making sure that all the investments that we're making really do improve our colleague experience and how they do their business, whether it's an underwriter, an underwriter assistant, a claims person, someone that works in one of our corporate functions.

And then ultimately, they have to drive client outcomes, whether it's new business for us and new products for them, whether it's better claim service, whether it's speed of the business of insurance, whether it's invoices or policies or all those things. So really focused on anchoring to what makes it better for our colleagues first and then what makes it better for our clients.

And I would say, over the last couple of months, I've been investing a lot of personal time in with our team, making sure that I'm up to speed with AIG strategy, whether it's the relationships we have with our great partners, but really more importantly, how are we rolling out AIG Assist Underwriting by AIG Assist and Claims by AIG Assist that we're actually -- as we've been talking about in prior quarters that we're actually getting it into the hands of our colleagues, and we're able to see advantages that grow from that investment. And I talked a little bit in the prepared remarks about the broker level insights.

I could have talked about the speed and the number of submissions, which I think we've talked about in the past, which continues to happen for us. We're seeing more business. We're quoting more business, and we're able to actually get a better line of sight on consistency in the underwriting, speed in the process. And we feel really good about that, and we're going to continue to drive that forward. The broker level insight, it was -- we wanted to point out is something a little bit different.

And that what we're learning as we go through the volume and in a way where our AI strategy gives us better insight is as we're dealing with our distribution partners, we're able to learn pretty quickly where we're seeing better business, from an office -- from a firm, from an office down to a broker, which gives us the opportunity to pivot and actually spend the right resources where we are getting the best outcomes. And so we're at early days of that, and it was sort of a derivative outcome to all the work we've been doing around Underwriting by AIG Assist.

But as we roll that through the organization, the ability to use our client distribution teams and our broker distribution teams to focus in on where we see our best opportunities, we think we'll make it more efficient. It may not be more submissions, but it might be better submissions, submissions that match our appetite with partners and clients that want to use our organization to handle their risk needs. So early days on that, but an exciting new piece for us and really just underscores making these kind of investments as you innovate and lead in this space does provide benefits that we didn't necessarily see going into this.

But ultimately, it's something as we connect our sort of front-end facing part of the organization, really starting to work that angle pretty hard.",,,
70,AIG,AIG,"Rowland Mayor, RBC Capital Markets","Eric Andersen, President and CEO",I was wondering if you could size the premium contribution from the Convex quota share in the quarter. I think it would be helpful since there's built-in growth from that over the next few years.,"Listen, I would say when you look at the 9% in the second quarter and the 13%, we've talked about it coming in a couple of different buckets. Certainly, the organic number, somewhere I would call low to mid-single digits. And then the other -- but honestly, as I said before, with the Everest transaction, it gets a little difficult to track as we start to go client by client where we have a shared relationship. And so the rest of it fills in with some of the other transactions. So we haven't really broken out the pieces. But just to give you some sense, we talked a little bit about the reinsurance tailwind in the first quarter.

That's largely dissipated in the second. And the rest of the transactions kind of fill in the rest of the percentages.",,,
71,AIG,AIG,"Rowland Mayor, RBC Capital Markets (follow-up)","Keith Walsh, EVP and CFO","And then maybe going a bit of a different direction. Corporate debt issuance to support AI build-out has been a growing topic of interest. I'm just wondering if in your fixed income portfolio, you're starting to have significant allocations to AI-related corporate debt.","Yes, Rowland, thanks. We don't have significant allocations to AI-specific related debt. I mean I did mention on the last quarter call a bit about within private credit, direct software exposure, for example, is 16 basis points of the portfolio. So I would say any of these allocations are pretty immaterial at this point.",,,
72,AIG,AIG,"Pablo Singzon, JPMorgan","Eric Andersen, President and CEO","The Global Personal Lines business combined ratio has been running close or better to your Investor Day target for the past several quarters. So how much of that, in your view, is the result of a generally favorable environment for personal lines versus changes that you have put through and perhaps your mix as well, right? Because we recognize that there are other lines in there aside from homeowners and personal auto. So any perspective would be helpful.","Sure. Listen, I think it's always hard to put those answers in specific buckets because they all have an impact on it, but we're excited about what's happening with the Global Personal business. We highlighted in the prepared remarks, the growth that we're seeing, 7% NPW growth, 220 basis point improvement in the expense ratio, 490 basis points improvement in the combined ratio. So all really positive and positive direction. We're excited about the business in general. We see it as an opportunity for us to really expand and connect the firm globally in areas that are pretty exciting. But the high net worth profitability, it was premium growth. It was underwriting actions.

It was some reinsurance savings, lower acquisition costs, running the business better around operating expenses. And then Jon talked about the A&H business. We're starting to see some good growth with a building pipeline, and we're investing behind that leadership team. We feel like they are really world-class and have really got the sort of the business line growing for us. So it has some cat to it, as we all know, especially the high net worth business, but -- and we've been a little bit fortunate. But ultimately, I think the fundamentals of the business are very solid, and we continue to invest in it.",,,
73,AIG,AIG,"Pablo Singzon, JPMorgan (follow-up)","Eric Andersen, President and CEO / Keith Walsh, EVP and CFO","And then second, just on expenses. You had mentioned you're on track to reach your 30% target. The expense ratio ticked up sequentially, but I think that reflects the seasonality in your reporting, right? So maybe if you could talk about your expectations for the second half and more broadly, how you think expense management and perhaps newer tools like AI will help you in subsequent years?","Great. So maybe I'll take it first and then maybe I'll turn it to Keith for some additional -- some color. But as we said in the prepared remarks, we remain on track to achieve the sub-30% expense ratio for full year '27. That's been something that the organization has been on a journey on even before the Investor Day commitment, but obviously, it's a focus for us. And why are we confident about it? We are really disciplined on expenses, and we've made tremendous progress. The growth that we're achieving in '26 is going to bring some strong operating leverage.

And I would just say before Keith probably says it 3 more times, you can't really look at it quarter-to-quarter. It does have fluctuations. But look at it over a rolling 12 months. But Keith, why don't you go from here?""

**Answer (Walsh):** ""Yes, Pablo, thanks for the question, and I appreciate it could sometimes be difficult on the outside the quarter-to-quarter movements. And that's why we always stress looking at it over the course of a year or a longer stretch of time. And as Eric said, we continue to make progress. Just a couple of points and not to belabor, but I'll say it again, 3 points. Point one, on a rolling 4 quarters, which I think is the best way to look at it to see the trend, we're at 30.7%. And just keep in context, we ended 2025 at 31.1%, right? So we continue to make progress on that metric. Point two, premium leverage, right?

As Eric has stated, the written premium is quite strong this year. And as that earns in, that will continue to give us leverage on this ratio as we move forward as our net premiums earned grows. And then point three, expense discipline. Another way to look at it is looking at the nominal numbers. I think that's really important to give it another view. And what I do is you look at the GOE and the other expenses in the corporate segment, add them together. And if you look at for the second quarter and the first half, those expenses were flat year-over-year FX adjusted against 5% premium growth.

So it shows the expense discipline and the leverage that we're getting and why we have confidence going forward, we'll continue to get that.""

**Answer (Andersen, closing):** ""And maybe one more comment. I think you also asked about the AI expense and whether we'll see that as a help. Ultimately, how we become more efficient, technology will play a big role in it. But if the underlying question was really about headcount, the strategy for us on the deployment of AI is not to have less colleagues, but to have our colleagues become more efficient and work with more clients. And so that's really where we're going with the investments, and that's how we're looking at it. And I think that's why we went hard at the center of the business.

When we went to underwriting, we went to claims, that's what we do, and we feel really strongly that the rollout of our AI strategy will help us be better in both. Certainly, with the underwriting side of it, you see more, you get more consistent, you learn distribution things as we were talking about.

And then on claims, our ability to interact with our clients faster, more efficiently in a way that helps them solve either get their claim paid quickly or at least to respond to them in a way that they feel like they're being cared for, I think, helps us build brand and helps us build relationships that ultimately help us drive more business and help us hold the business that we have.",,,
74,AIG,AIG,"Elyse Greenspan, Wells Fargo","Eric Andersen, President and CEO","My first question, I don't think you guys updated -- gave an update on the premium growth guide, right, which was low to mid-teens for the year. It does sound like maybe a bit more cautious on property that we've heard from others. So do you think you're at the low end or maybe a bit below that as we think about potential growth in the second half?","Listen, I think it's a marketplace right now, right? And as we look into the second half, we're pretty happy with the 13% through the first half and 9% in the quarter. But ultimately, what we've been trying to communicate is that we're not going to chase growth blindly that we want to make sure we maintain our underwriting standards and we maintain the discipline because we want to be a profitable, well-run organization over a long period of time. So we're going to react to the market cycle as it is.

That said, we do see opportunities for growth, and we're pushing really hard in that space to make sure that we are taking advantage of every opportunity that we have. It's still a little early in the year. And so right now, we feel really good about where we are.",,,
75,AIG,AIG,"Elyse Greenspan, Wells Fargo (follow-up)","Keith Walsh, EVP and CFO","And then my second question, one target you guys didn't address today, right, was the leverage target, which is -- had been 15% to 20%. Obviously, that was taken down through the years, and that's lower than what we typically see from some P&C companies. So is there thoughts about potentially bringing that up or changing that target at some point as a way to free up capital, whether for growth, M&A or incremental capital management?","Elyse, it's Keith. We haven't given -- we haven't reiterated that 15% to 20% in quite some time. Obviously, we're at 17.6%. We're within that range. But we run with a conservative leverage in the company, and we have a lot of dry powder, and we feel really good about where we're at. And so we have a eurobond that will be coming -- get refinanced later in the year that will be due early next year. But at this point in time, we like our leverage situation where it's at.",,,
76,Natera,NTRA,"Puneet Souda, Leerink Partners","Steven Leonard Chapman, CEO","Yeah. Hi, guys. Thanks for taking the questions here and a really impressive quarter for Signatera. So first 1, if I could, Steven, you talked about a bit about the drivers But if you if you could double click on that, clearly, you are building very strong evidence that is playing out. Could you elaborate a little bit on how should we think about how are these increases sort of sustainable? Any color you can provide into, you know, 2027. And maybe just if you could double click on the what is powering this growth? Is it the sales rep, the commercial execution? Clearly, data's strong. NCCN data readouts. I mean, you could say all of those things, but maybe just the principal component that you think is driving this. And keeps this sustainable in terms of quarter-over-quarter growth, that remarkable growth that we are seeing here.","Yeah. Thanks for the question. Yeah. So I think there is some things that happened this quarter that we think were very beneficial. You know, you look at that FDA approval, you know, certainly, there is some halo effect coming off of that. That was received very positively after the INVIGA readout. But, you know, if you take a step back and you look at the preparations that we have made over the last couple of years, you know, we made big investments in the commercial team. We made big investments in medical affairs. We have been investing in large scale clinical trials and data readouts. So all of those things have put us in a position to now be executing and, you know, outperforming. So we are super excited to see that the planning that we put in now coming to fruition. But, ultimately, we really focus on sort of the 4, 5 core things. Across all of our businesses. 1 is, like, an extreme focus on a technology and being on that cutting edge of technology. The second is backing everything with a very significant amount of peer reviewed evidence, and you can see we have continued to invest in that and continued to extend our lead. And then the third is focused extensively on user experience. We have done a lot of things to you know, implement new ways to reduce TMP issues on tissue to be able to accept more samples. Mobile phlebotomy expansion, so forth. And then the fourth is the team, and we have a excellent team of on the commercial side and the 34 thousand quarter over quarter is just a blowout record I think, compared to anything that we have done you know, previously. You know? But you know, I would not say necessarily we are going to repeat that immediately. But, you know, if you look at, I think the previous record was maybe 25 thousand quarter over quarter or something like that. And I think we can outperform that, you know, as we as we move forward. And, you know, Q3 is off to a very good start. So, you know, I would expect us to be kind of somewhere right in the middle there.",,,
77,Natera,NTRA,"Puneet Souda, Leerink Partners (follow-up)","Alexey Aleshin, General Manager of Oncology and Chief Medical Officer","Got it. And then follow-up for you on, maybe this is just going a bit deeper into Slide 13. Thanks for providing that. I think it is a very good perspective, given the competition questions that we normally receive. Could you, maybe dive a little bit deeper into it? Maybe Alexey if you can talk about it. You know, how should you know, this clearly lays out 2027 to 2028. You know, readouts that are steadily going to be coming out. But are there any specific readouts that you would point to? And maybe if you could just dial a little bit into the ER101 study again, how should we think about that? Is that something a practice changing study? Is that how we should be thinking about that study? Thank you.","Hey, Thanks, Puneet, for the question. So I think slide 13, this is just the prospective portion of our studies. So on top of this, we still continue to invest and read out biobank studies as well. So we do expect a large bolus of readouts in the next few years. The way I would kind of think about especially the prospective readouts, you know, would say there are definitely a few studies that we are kind of monitoring very closely. I think Vega is, for example, a good study that, you know, we have discussed in the past. But a lot of these studies are also, I would say, important in smaller indications. And because they are perspective and many of them are now interventional, I think the readouts do have a significant impact in terms of changing care and possibly changing guidelines and reimbursement. So we cannot, given the number, provide details on every single study, kind of an exact dates for when it will read out. Some of this is variable. Some of this, we do not control. Because some of these are being done with collaborators. But as we get closer to, kind of, entering 2027, we will try to provide a little bit more guidance about the studies that we think are important and a little bit more information about their timing. Going back to ER101 and the broader signal portfolio, I think we will be announcing additional studies as they come online. We are extremely excited about the pipeline. Think the main point is these studies are designed to a high level. I think we said in the prepared remarks, pharma-level. And many of them are actually randomized. Signal ER is not randomized, but it is not randomized because we could not randomize it, but because we are actually looking for performance. So for the CTA negative arm to do so well that really, what we are doing is almost comparing to close to a 100% mean, that is how high of a bar we are setting. And if the study is positive, we do believe that this study will be practice changing, and that is the mentality we have taken with every single signal study that we have designed and plan to initiate in the next few months.",,,
78,Natera,NTRA,"Puneet Souda, Leerink Partners (closing)","Steven Leonard Chapman, CEO","Great. Thanks, guys.","And, Puneet, let me just add to that a little bit too. So Basically what we did is we sort of went across every histology that we thought could make a major impact on the business, and we said, let's design a practice changing, you know, potentially guideline enabling study and then we are going to fund those trials. And that is sort of what we have done. And that is why you see, you know, a lot of our investment going into these clinical trials. So SIGNAL breast is the first 1 that we are announcing, but there is going to be a suite across all different histologies You know? So stay tuned, and it is a it is a big part of our strategy going forward.",,,
79,Natera,NTRA,"Daniel Brennan, TD Cowen","Steven Leonard Chapman, CEO","Great. Thank you. Thanks for the questions. Congrats on a strong quarter. Maybe could I start just on Signatera volumes again, given how strong it was this quarter. So a couple of thousand tests from the weather recapture, that is 32 thousand And I guess, Steven, you talked about that Salesforce expansion productivity, which is just beginning to hit. So I am just kind of wondering how we should be thinking about the go-forward pace because it sounds like, you know, given the size of the Salesforce expansion, that possibly you could see really, you know, another couple of quarters here really significant volume quarter to quarter growth based upon-- I mean, new salespeople are probably just getting going. That productivity enhancement.","Yeah. I think that is right. I mean, we have got you know, we got these sales folks that have just come online. We made a big investment in medical affairs. We are seeing a lot of momentum you know, coming off the trials that have read out coming off the halo effect of the FDA approval. You know, there is some things like, you know, even in bladder, for example, where you know, the Invigor protocol is sort of moving to kind of an every 6 week protocol, as outlined in the in the approval. Know? And I think things like that can kinda give us an upside, opportunity as well where people may be you know, starting to draw more frequently where they have traditionally drawn, say, quarterly or every 6 months. So there is a lot of momentum right now. And, you know, I do not think we will do 34 thousand. You know, obviously, we I think here we have really outperformed even our own internal expectations, but you know, like I said, our previous record all time record had been, I think, 25 thousand. And, you know, if we can outperform that, I think that would be you know, that would be a good achievement. And, you know, we think we are in a position to be able to do that. And kind of continue to notch up as the year goes on. But very strong momentum. I think we are crossing the sort of tipping point in the field where doctors are really starting to believe in MRD as a core part of their practice. And I think we are we are the major beneficiary of that. Given the breadth of our presence in the field and the amount of data that we put out you know, the size of our sales team. So everything's sort of starting to come together. Terrific.",,,
80,Natera,NTRA,"Daniel Brennan, TD Cowen (follow-up)","Michael Brophy, CFO","Then maybe just on the price, you know, the $25 sequential increase, you know, ahead of expectations. I think you have had $25 and $22 the last 2 quarters sequentially. But what I am hearing, you know, Mike talked about more of the benefit in 2027, but I heard Solomon say several commercial payers are kind of putting Signatera in their plans. You have got 3 NCCN guideline inclusions. And, Steven, you talked about the benefits you had on rev cycle, as well. That you experienced in transplant women's health, and you are seeing really an opportunity now more so in Signatera. So I am just wondering if you can unpack that all? Is there a chance this price really begins to take off here the next few quarters more so? Or is, you know, $5 sequential still the right way to think about it for a little while? Thank you.","Yeah. Dan, thanks for the question. I mean, I think that so as we mentioned on the prepared remarks, the guide that we put out presumes just a stable ASP of $12.75 for Signatera through the balance of the year. I think, you know, if you are looking for, like what would be an upside case beyond the guide, which we normally set as something that is, you know, difficult but achievable. I think it would be something in that ZIP code of another $25 through the balance of the year. And I can talk a little bit about why. I mean, the things that drive immediate term ASP upside are things that we are basically getting paid on already right now. Or if you think about the timing of the accrual for Q3, we have gotta be receiving reimbursement for that unit effectively right now for us to count it in the Q3 results. So that tends to be things that are kind of more tactical in nature. These are things like improving Medicare advantages, compliance with reimbursing for covered services. Expanding coverage within the biomarker states, things like that. The things that we are mentioning on the call are the longer term drivers and will have a bigger impact on ASP. I feel better about the long term vision for getting the $2,000. I feel better about that now than I really ever have since we launched Signatera. 6, 7, 8 years ago. But I think just if you are looking for kind of tactical moves over the next couple quarters, I mean, I think an upside case would be something like $25. Just because these recent wins that we have had take a little while to get into the revenue recognition.",,,
81,Natera,NTRA,"David Westenberg, Piper Sandler","Steven Leonard Chapman, CEO","Alright. Thank you for taking the question, and, yeah, congrats on the good MRD numbers. So 1 of the things I think that was kind of fascinating, we see really good growth in a lot of the different MRD competitors or new entrants. Obviously, it is not having any impact on you with the 50% growth rate. So can you tell us, you know, is there still, like, a market education from some of these competitors? And how do you think as these competitors come in? Is there lanes for each, or is there, you know, some crossover? Or do you think maybe they are kind of just getting their own customers? I just want to think about how it plays out as you know, they are on the market and they do seem to be getting traction at this point.","Yeah. that is a good question. I mean, you know, there is always going to be competition, and, you know, we have seen that I think if you if you look at you know, probably, you know, 4 years now, maybe 3+ years, there is been major oncology competitors that have had MRD tests that are approved by MolDx on the market. So it is not it is not necessarily a sort of a new dynamic. And you can see we have done really well in the face of competition. I think we are going to continue to do really well because we are doing all the right things. So we are investing in the technology, you know, when we see an opportunity to round out the portfolio or enhance the portfolio. We are we are we are taking those opportunities. We are doing all the right clinical studies. So, you know, I think we are in a really good spot going forward. You know, I would just say, there is always going to be competition and other companies are gonna do well. But because it is such a large market, it really does not have a significant impact on us. I mean, we are still very early and penetration in the overall market. You know, I would I would sort of say mid-single digits You know? So we think there is a lot of upside here, and we are we are really in the in the best position to capture that upside. Now with that said, we are you know, very keenly watching what everybody else is doing. And, you know, if we think there is an opportunity for us to you know, push harder in 1 particular area, or sort of close gaps in a particular area, we are gonna be really focused on that.",,,
82,Natera,NTRA,"David Westenberg, Piper Sandler (follow-up)","Steven Leonard Chapman, CEO","Great. Thank you very good. And you mentioned in your prepared remarks some of the new patient starts again being extremely high in the gross margin commentary. Now I know you do not give out mix of brand new patient starts versus continued seeking the patient-paid continued patients, but can you maybe give some of the mix on terms of tissue types? Are you gaining new or a lot more new patient starts in some of the covered versus uncovered indications, some of the more newer indications. Just trying to get a flavor of what might be coming down the pipeline. In terms of what you are seeing in, say, tissue types in, say, 2028. Thank you again for the questions.","Yeah. it is a great question. So, you know, as you know, we have we have many tissue types now that or many histologies that are covered by MolDx, and we have a handful you know, where we where we still do not have coverage, but we have submissions. And I think you know, we have sort of reported before that we had 7 submissions in, you know, which are at various stages. And we are excited about the opportunity of getting coverage there. As far as what we are seeing in the field, and we are continuing to grow colorectal and breast which I think are the, you know, the 2 sort of largest as we said in the remarks. But there is a lot of opportunity beyond that. And as we turn out new publications, we generate new data, We start to see, you know, uptick in these other histologies as well. And we think we are in a really good position to continue to drive growth across the business, both in CRC and breast, but also across this longer tail of other histologies.",,,
83,Natera,NTRA,"Daniel Markowitz, Evercore","Steven Leonard Chapman, CEO / Michael Brophy, CFO","Hey, guys. Congrats on the good results, and thanks for taking my questions. First, I wanted to ask on Signatera ASP it is nice to see the continued progress there. Steven and Mike, you both had some helpful comments on the step function improvements that we could see from specific catalyst. So what I wanted to specifically ask about is the 7 indications submitted to MolDX. Should we think about that in 2027? Is it coming online in the first half, and maybe it will take a few quarters? Get fully rolled out and realized? And then once it is fully ramped, in terms of the P and L impact, could it be, like, $200+ contribution to ASPs on that path to $2,000? And are there any incremental costs that come with it? Like, the way I am thinking about it, could be a really nice step up to the ASPs and also a nice inflection towards positive EBITDA. Is that the right way to think about it? Any color would be super helpful.","Yeah. it is a great question. I would say you know, with regards to the timing, you know, it is it is always hard to say. You know, but, generally, we have been able to sort of work through these submissions very successfully over time. Mean, usually, if you have a good peer reviewed published paper, and you submit to MolDx, there is gonna be some back and forth. there is gonna be a couple of rounds of revision, and then, you know, ultimately, you will you will end up getting coverage. And so that is why we feel like we are in a good position on these. I do not think that timeline of you know, at some point over the kind of second half of 26 and then kind of into the first half of 27, I think that is a reasonable time line. You know, which is basically you know, rolling coverages over the next sort of 12 months or, you know, something in that range. And frankly, I think it is good that they are very sort of strict in the way that they are, and I think that is benefited us because we generated so much data and so much quality data. And it really, in some ways, is a competitive moat. For others that are now entering the market where you know, it really takes a long time to generate this level of evidence that you can go to MolDX with. So we think we think it is an opportunity. On the path to 2000, you know, certainly, this would make a major impact on the path to 2000. But, Mike, do you want to comment specifically on sort of what number you think this might give us?

[continued by Michael Brophy, CFO]

Yeah. I mean, I think if you just kind of sum up the indications where we have got submissions in-flight or we are planning on submitting to MolDx. I mean, I would estimate that is worth something like $150 to the ASP, perhaps $200. So, Daniel, I think your estimate's roughly in the right range. So, obviously, that is that is a transformational difference. When you started December and you add that Steven mentioned the timing to, you know, to starting to get these coverages, and I think that is right. I mean. I think over the next 12 months, I think you start to get these coverages, and I would just reiterate what Steven was just mentioning on the process. it is, you know, it is hard to forecast with precision. But, I mean, I think rolling approvals over the next 12 to 18 months is probably the right way to think about it.",,,
84,Natera,NTRA,"Daniel Markowitz, Evercore (second follow-up)","Michael Brophy, CFO","Thank you. And then the second thing I wanted to ask about was the progress in biomarker states. It sounds like that got a little bit better this quarter. Are we seeing an inflection of this starting to flow through? And then will you be able to be trued up on, like, retrospectively, since biomarker bills went into effect? So in other words, should we expect some outsized true ups in the quarters and years to come based on the biomarker states? Thanks again for taking the questions, guys.","Yeah. I am not really expecting Yeah. Thanks. Thanks for that question. I am not I am not really expecting you know, a lump of, you know, of true ups specifically from biomarker. I mean, the way that you see this happening is you get a biomarker state law, and then you interact with payers in that state. And it is kind of a linear kind of grinding process that takes quite a bit of time as we have described in the past. So that kind of linear process of getting payers on, you know, 1 by 1 sometimes it feels like it is unit by unit. That contributes to the drip of continued true ups rather than a bolus. I mean, more generally, we said this in the prepared remarks. I mean, the ambition is to is to you know, have the trips kind of gradually come down, and you have seen that happen both in terms of absolute dollars, but particularly as a percent of revenue. So that is the plan.",,,
85,Natera,NTRA,"Noah Kava, Jefferies (asking on behalf of Tycho Peterson)","Steven Leonard Chapman, CEO","Hey, team. This is Noah on for Tycho. Thanks for taking the questions and congrats on the quarter. Wanted to ask on Women's Health. I think the high-single-digit growth a little bit better than we were expecting. curious, what are you seeing from an underlying market growth standpoint? And then when your competitors flagged some share loss there, so curious if you think you have been a beneficiary of share gain there.","Yeah. it is a good question. Yeah. We definitely think we are we are we are benefiting from share gains here. You know, we had, in the last couple of years, we have had we have had some big investments sort of behind the scenes in technology development, you know, that led us to beginning of this year and launching the Fetal Focus product and then, you know, more recently, launching an enhanced version of Panorama that really closed 1 of the major gaps that you know, people had with the product. So I think right now, we are in probably the best position we have been in from a competitive standpoint. And we really started to see the impact of that, you know, over Q2. You know, typically, it is you know, Q2 can be a softer quarter. Just because of seasonality. And we were really able to overcome that this quarter, I think, with just the interest in the product portfolio and the interest in the enhancements and the sales team is feeling very positive right now in women's health.",,,
86,Natera,NTRA,"Noah Kava, Jefferies (follow-up)","Michael Brophy, CFO","Thanks. that is helpful color. And then for my follow-up, I wanted to ask on the SG and A guidance. It looks like you are expecting a step down in the second half versus the dollars last year around $80 million Just curious where these efficiencies coming from. I think you mentioned an AI project last year that could drive $200 million in cost savings over time. So any incremental progress there? And how are you thinking about the longer term path to profitability?","Yeah. Sure. Thanks. Yeah. Thanks for the question. Yeah. I think, you know, I mentioned in the prepared remarks, there were a couple of onetime expenses in Q1 that I would not forecast in the guide to have them repeat in the second half, around noncash accruals of stock-based comp and some litigation expenses. So that is that makes up the majority, I think, of that delta. I mean, more generally, I think we are getting a lot more efficient. and we are deploying AI really across the business at a at a pretty frenetic pace. And we are just seeing efficiencies all the time. We have given a bunch of examples in the past. Where we can deploy that in a large operation like this. So you got a large lab. You got a lot of employees, a lot of patients, a lot of volumes. there is lots of opportunities to automate workflows. And to move the employees up the value chain as it were. So we continue to see just a lot of progress there.",,,
87,Natera,NTRA,"Kallum Titchmarsh, Morgan Stanley","Steven Leonard Chapman, CEO / Solomon Moshkevich, President, Clinical Diagnostics",Maybe first 1 on the Japan launch. Could you just help us understand a little more how that ramp could look in 2027? How quickly do you think reps could get out there into accounts? And then maybe just talk through your confidence in securing coverage for perhaps more frequent testing based on some of the studies that you have run in the region? Thank you.,"Yeah. that is a good question. So, Solomon, I will have you kind of comment on the sales penetration but I will I will comment first on the coverage. So I think as we said on the last call, you know, we are sort of initially looking for that sort of adjuvant you know, coverage. And then I think following on after that, you know, at some point, the surveillance coverage. Now we think we will be in a position to be able to offer surveillance you know, but that we think the coverage will probably come sort of shortly after that. You know, there is a lot of opportunity there just given the number CRC patients that are diagnosed. And then now also, I think, bladder as well is gonna be a big opportunity.

[continued by Solomon Moshkevich, President, Clinical Diagnostics]

Sure. Hi. Thanks for the question. Yeah. With the launch in Japan for CRC expected at the end of the year, we think we are poised for penetration or market adoption, I would prefer to say, that meets or exceeds the rates we saw in The United States. When we introduced Signatera for colorectal cancer, and that is because of the we are starting further along, you know, with more significant published data with medical societies having published guidelines and strengthening those guidelines, over time. Including expected updates this year. From multiple different guideline bodies in Japan And then the reimbursement is really gonna be the unlock. Because it is not the way the tests are ordered. it is really a for the reimbursement to be in place in order for clinics to order the test. I will just add 1 other thing. You know, we have a really strong partner in Japan. But we are supplementing that distribution partner with direct sales effort, sales and effort. and marketing in Japan. So we feel pretty confident we are gonna be able to get awareness out very quickly. We think given the Japanese thought leadership with the Galaxy study, that there is already a strong understanding appreciation for the technology and it is really gonna be about user experience, making it easy to order, easy to get results, and we look forward to launching.",,,
88,Natera,NTRA,"Kallum Titchmarsh, Morgan Stanley (second follow-up)","Michael Brophy, CFO","And, Mike, maybe just 1 for you. Outside of the ASP uptick, highlighted some internal work that is being done to drive down COGS. Could you maybe just detail in a little more what those actions are and when you think those can come through the P and L? Thanks, guys.","Yeah. Thanks for the question. This is really kind of our standard playbook. We launched new products very frequently. You have seen that pace of the new launches been quite intense over the last year. As those products launch, obviously, they are not yet optimized for COGS as they kind of they get to volume scale. So as they scale, you get some natural efficiencies with workflows in the lab. And then also once you see you confirm that you do have the demand for the new product and the investment is worth it, then it is relatively straightforward to then deploy resources then to the workflow itself for COGS. Those are some of my favorite R&D projects because you can see what the demand is. You can see what the savings per unit is, and so it is quite easy to calculate returns on invested capital for those for those projects. And we have generated very high returns on these cost reduction projects. Over the last decade. So just given the pace of the new product launches we have had over the past year, we are well set up to have another wave of cost reduction projects that hit over the next 12 to 18 months.",,,
89,Natera,NTRA,"Subhalaxmi Nambi, Guggenheim","Steven Leonard Chapman, CEO / Michael Brophy, CFO","Hey, guys. Thank you for taking my questions. There are 2 topics I wanna address, and 1 of it was partially addressed. But I will touch on it anyway. First on R&D, it looks like you increased the budget for early cancer detection program. Are you accelerating timelines here What is driving the investment? And second, on margins, in a huge revenue quarter, gross margins did not increase by that much sequentially. There are some good reasons that could happen, things like a jump in new Signatera starts, or more latitude growth. Is that right? 1, and then do these mixed dynamics start to flip later this year? Thank you so much.","Yeah. Thanks for the question. So I will take the first 1 on ECD. So, you know, we are actually really tracking along at where we thought we would on the f enabling study, the FIND study. We think we are gonna be done recruiting this quarter, which is sort of what we outlined in the prepared remarks. So, you know, that is really on schedule. We are excited about that. You know, we have kind of backed that with just readout of proceed that we had early, you know, I think, at the JPM conference previously, which we are excited about. So now we are doing the development work. You know, we are getting the assay ready to be in a position to run the FIND study. When all after all the samples are collected and then be in a position to submit to the FDA. So these are all expenses that you know, over time will go away. You know? But I think for now, you know, this is sort of what needs to be done to be in a position to submit to the FDA. We think this is a huge market opportunity, and we are in a position to be you know, potentially 1 of the key players in this space. So, Mike, do you wanna comment on the margin?

[continued by Michael Brophy, CFO]

Yeah. it is very similar to the, you know, to the topic we were covering with Kallum, which is yeah. We did have a huge number of new Signatera starts commensurate with the blowout in volumes that we had for Signatera. And then we had some very promising growth in a bunch of these new products. The COGS are not yet optimized. But as I just mentioned, we have got ample opportunity now, now that we see the volume coming in. To go and tighten down those COGS and optimize those workflows, which we are excited to do, again, over the next kind of 12 to 18 months.",,,
90,Republic Airways,RJET,"Savanthi Syth, Raymond James","Matthew Koscal, President and CEO","Just on the guidance, Matt, you mentioned that -- in last call, you said that just given the uncertainty, you weren't taking it up. And I was just curious, is this kind of confidence to take your guidance up just based on what you've completed already? Or are you getting kind of greater confidence from your partners as they schedule kind of their block hours?","Savi, this is Matt. Thanks for the question. Thanks for joining the call. It's a bit of both. We -- as we talked in the first quarter, we had seen a demand signal that was greater than where we entered the year and what our plan and forecast was. And we continue to see that demand signal as we go through Q3 and Q4. Q3, we do have some noise and a lot of it is this weather disruption. As I said, we're at 91% through earlier this week. Our worst month during winter storms was just over 92%. So that kind of gives you an idea of the magnitude of that impact. But despite that noise, the organic demand signal remains strong. Demand for the product is strong, and we feel confident that we can take that number up through the back half of the year here.",,,
91,Republic Airways,RJET,"Savanthi Syth, Raymond James (follow-up)","Matthew Koscal, President and CEO","That's helpful. And then -- just on the Mesa alignment side, I know a lot -- you were working on kind of aligning the maintenance on the aircraft. I was wondering where you were in kind of aligning that and getting kind of that fleet closer to kind of the legacy Republic fleet?","Yes. So great question. And let me break it up as kind of answering it in 2 parts. First, we have our internal metrics of, are we meeting our turn time reductions that we had planned for and the improvement that we thought we could bring to the Mesa maintenance program, and we are. We're actually seeing all of those improvements on an aircraft-by-aircraft turn time. We still need to get through the entire fleet, though, right? So it's just -- it changes the amount of duration that it takes for us to get through the entire fleet. It accelerates that. So you still don't start to see that real improvement or that impact till the back half of 2027. It just means though that the ability for us to actually meet those improved turn times ensures that, that work gets done by the end of 2027 as opposed to going through 2028 if we were on the previous turn times at Mesa.",,,
92,Republic Airways,RJET,"Michael Linenberg, Deutsche Bank","Matthew Koscal, President and CEO","It's always nice to hear an airline characterize the year as a transformational year and still post double-digit operating and pretax margins. And so my question is just, as you -- in the release, you talk about the integration taking 18 to 24 months and then you get to a point where you expect to realize true operational synergies. How can we express that in margin improvement? We're at 10% on a pretax, 12% operating. Are we talking a couple of hundred basis points of margin improvement once the full integration is complete? How should we think about that?","Yes. So Mike, I don't know if we're ready to unpack what it looks like at the end of the road here yet. We're going to be able to unpack 2027 for you as we get towards our end of year forecast here, and we'll give you a bit of a peek into that. We really don't start to appreciate the full effects of this until we get through that back half of 2027 and fully into 2028, right? As we get into 2028, you'll start to see a lot of the noise, the redundancy and the fleet improvement, right, that increase in utilization that we'll unlock at Mesa and in the fleet there begin to contribute both to the top line and to the bottom line. But I think the 2027 forecast that we're working through now will help unpack a bit of that and start to shape up what 2028 can look like as well.",,,
93,Republic Airways,RJET,"Michael Linenberg, Deutsche Bank (follow-up)","Matthew Koscal, President and CEO / Joe Allman, EVP and CFO","Matt, when you talk about the fleet utilization, maybe to put some numbers around that, where are you today on a daily utilization? And where do you think that could go?","So, let me unpack where I really think the improvement on the Mesa side is. In the fleet utilization concept there, we believe we could actually add about 10% to 15% when we get to full health on the maintenance program at Mesa. If we look at the difference between the maintenance program at Mesa and the maintenance program at Republic, how we've historically operated those fleets, we think there's a greater than 10% improvement in the overall Mesa fleet once we get to the end of that 2027, 2028 time frame. The daily utilization per aircraft will fluctuate a little bit up and down from where we're at today seasonally, but it's really getting more of those aircraft put to work.

[continued by Joe Allman, EVP and CFO]

Yes. Mike, this is Joe speaking. And Matt's exactly right. It's really an increase in scheduled lines available to fly as the maintenance aircraft come back online. And so you get that what I'll call normal pickup to what we're seeing today on that fleet. And on a scheduled available aircraft line of flying, we're somewhere in that above 9.5, probably closer to 9.8. And our partners want to continue to try to squeeze as much utilization as they can out of fleet. So we're ready to respond, and we're positioning the fleet to be in a position to capture that utilization when available.",,,
94,Republic Airways,RJET,"Michael Linenberg, Deutsche Bank (third question)","Joe Allman, EVP and CFO","My second actually is to you, Joe. Can you just remind us, this is a quick one, just your percentages of what you own of Eve and Cape Air?","Yes. So we're about a 40% owner in the Cape Air equity. And on the Eve investment, that's really a mark-to-market on the warrants that we hold related to Eve that flows through the non-operating line.",,,
95,HSBC,HSBC,"Guy Stebbings, BNP Paribas","Georges Elhedery, Group CEO / Manveen Kaur, CFO","So a couple of questions really around growth. It does sound like part of the message today is that there's more opportunities out there to deploy capital into the business. So now it's more of a priority, perhaps over buybacks from here. So two questions sort of falling off that. What sort of metrics are you looking at when making that decision? Presumably there's a demand point here, but also a spread point. So perhaps you could talk about where you're seeing good opportunities on both the volume and spreads right now and attached to that, when it comes to capital generated from upcoming sales, should we again think about the priority being deployment back into the business rather than buy back? And then on net interest income, I mean, clearly, it's been a good huge print you've got hedge support in the second half. And then again, there seem more upbeat message on volume dynamics. I'm struggling a little bit with the guidance for the second half of the year if we're expecting that to work through. What is it that means that we don't see growth in the second half versus that Q2 run rate?","Okay. Thank you, Guy, for your two questions. I'm going to take your first question on growth and ask Pam to comment on the Banking NII for the second half of the year. So first, with the focus of our business on these areas where we are a market leader where we can drive underlying growth and where we can generate high returns. We are seeing now growth in all those areas of focus across all four businesses. We're also actually driving those from a position of material strength. I mean we are the leading Asia wealth manager. We are the world's trade bank. We are -- we serve Hong Kong across two iconic brands, and we, of course, have a very important role in the U.K. as a home market as the U.K.'s leading international bank. So therefore, it does become very important that we continue supporting these leadership positions with the underlying structural growth opportunities in order to continue taking market share and serve our clients with the strength. Now with regards to loans specifically, one thing to reassure you about is that we will only grow at the right returns and within our risk appetite. That is paramount in the way we drive our growth. And that means meeting our targets or exceeding our targets. We're very pleased to see growth in the U.K. Commercial has grown 10% with USD 10 billion -- additional USD 10 billion additional loans. But we're also very pleased to see finally Hong Kong resume loan growth after many quarters of contraction or flat. So this is very encouraging for the future. And then lastly, Guy, on that. Again, our priority in the way we use our capital generation 100 basis points, first is to deliver the 50 basis points accrual for our dividend. That's to meet our 50% dividend payout ratio on our earnings adjusted for material notable items. The second priority use of our capital is to support business organic growth. This is how we can generate the highest value for our shareholders when we do it, of course, within risk appetite and at the right returns. And then the leftover excess capital preferred mechanism to distribute it is through share buybacks, and we're very pleased this quarter to announce a $1 billion share buyback after pausing it for 3 quarters, rebuilding capital from the Hang Seng Bank privatization. Pam?""

**Answer (Kaur):** ""Thanks, Guy. So you're absolutely right. The banking NII environment is benign. And our own update on the guidance of at least $46 billion, reflects a good outlook for our balance sheet, both from a deposit and a loan side, which had an uptick in the second quarter and a supportive rate environment, which will give us a modest benefit for the rest of the year. We also have the benefit coming from the reinvestment of $50 billion of maturing structural hedge assets, which are currently yielding 2.8% in the second half of the year. But as always, in any guidance, we take into account a range of plausible outcomes when setting out the guidance. So there's a certain buffer in it, and that includes consideration of volatility, particularly in HIBOR. You've seen some of that recently. As well as FX rates. And as you can imagine, if sterling is weaker. That has an impact for us for on a dollar-based Banking NII. So, all in all, really comfortable with the guidance update, and I would just stress on at least $46 billion. And of course, mathematically, you're quite right with the run rate, you could pretty much get a larger number.",,,
96,HSBC,HSBC,"Alastair Warr, Autonomous","Georges Elhedery, Group CEO / Manveen Kaur, CFO","Two questions on costs, if I may. First, quite simple. If you could just give a little bit more color on where the additional simplification saves are coming from, what's changed there? And then a second question, just looking a bit further out, really. You've talked about the revenue in the medium term, moving up towards 5% growth. We've got a little bit more nuance today on variable costs. There are jaws built into consensus 2, 3 years. I just wondered if you could talk about the potential trend for reported cost growth, just bearing in mind that moving on to 5% on the revenue side in the next couple of years.","Okay. Thank you, Alastair, I'm going to take your first question around the additional saves and just give you some high level on variable costs, which then Pam can talk to with more color. So additions. So we're very pleased to have upgraded our simplification saves from $1.5 billion to $2 billion to be delivered and to be actioned before the end of this year and delivered in full in 2027. And we're doing so with the same initiative committed $1.8 billion of cost to achieve, a one-time cost to achieve. So we're pleased with this upgrade. We have seen strong progress on our cost delivery, part of it refers to areas of cost where we had a little bit more uncertainty at the inception of this program, and we felt more authority now 1.5 years into it. So you can argue this is a kind of 1.5 years ago, some conservatism in our approach, which we are comfortable to deliver. Some of it has been delivered because we managed through attrition, some of the headcount adjustments that may have been required as opposed to using severance. And then some of it has been additional identified opportunities that we decided to be in the program and accelerate given the -- that we haven't used the $1.8 billion envelope. So this is really how we're driving it. Remember, this is only one area where we're delivering simplification saves. The other area is by making these business exit decisions, 15 of which have been announced so far, with about $1.1 billion of associated costs, which would be saved from these businesses and reinvested, redeployed in our areas of strategic strength, where we expect to generate better revenues and better returns than the businesses we're exiting. Look, on variable costs, the comment I would make is this is a decision we will make at the end of the year, but we recognize that the momentum in our business and the performance have been strong in the first half specifically in the second quarter. And therefore, if we do continue to see this momentum in the business carry on in the second half, we would certainly consider to recognize the contribution of our colleagues towards it. In the variable pay, which all in all, will have a modest impact on our overall cost. But our commitment to cost discipline, our commitment to meet our cost target from the bank 1% on a cost basis and our confidence in being able to meet it are not changing. Pam?""

**Answer (Kaur):** ""Yes. Thank you, Alastair. So firstly, we are very disciplined on run-the-bank costs. And that is how we are now targeting $2 billion on simplification saves. And we have delivered 1% year-on-year in the second quarter, and we continue to guide on around 1% cost growth for the full year '26. Now just in terms of variable pay as a context, it was $3.9 billion last year, which is 11% to 12% of our group costs. So any increase which we will consider provided revenue growth momentum continues, and that's a decision, as Georges said, at the end of the year, they'll only have a modest change in total cost for the year. In terms of 2027, you've seen our revenues are growing. We printed a growth number, 6% Q1, 7% in Q2. And our investments to date, which are very focused, are working. Now this gives us strong confidence to bring forward our planned investments. So we may, therefore, add to investment growth in 2027. Now just as a background, inflation and investment increased costs by around 5% in the first half of '26, before simplification saves. So we expect in the next year, that we will offset any additional investment with simplification saves. And that will be a partial offset including the offset that will come from the additional $0.3 billion on simplification saves that we announced and today, which is on Slide 26. In addition, as Georges said, we have good momentum on our divestments. So the $1.8 billion of cost reallocations over the next several years will create incremental investment capacity. It was $300 million in '26, higher than '25. We expect that to be slightly higher in '27. So all in all, this is not about not having discipline in run-the-bank costs, but this is about making a clear distinction while maintaining discipline on run-the-bank costs to be able to invest for future growth, given the revenue strong trajectory of growth we're seeing so far this year.",,,
97,HSBC,HSBC,"Andrew Coombs, Citi","Georges Elhedery, Group CEO / Manveen Kaur, CFO","Just two follow-ups, please. Coming back to the costs, there are obviously a lot of moving parts. You are talking about accelerating the investment spend next year. At the same time, you slightly increased the simplification saves -- and now on Slide 29, you've got a whole host of divestments that are obviously going to drop away on both the revenue line and the cost line. So just a very simple question, I guess, can I ask you to comment on current consensus, which is the 3% cost growth to $35.4 billion next year? And then the second question related to that is that you talked about accelerating investment spend, but there's no change in your revenue growth targets. So what is the payback on this incremental investment? And what's the time frame?","Andrew, thank you for the question. Let me -- I'd like to give you some broad comments on cost and revenue growth, and I'll let Pam give you more details. So we're pleased to be moving at pace in our simplification. The increase of our simplification saves to $2 billion the speed of decisioning in our business exits, three of which we announced over the last 10 days or so, 15 of which we announced in 2025, are giving us capacity to accelerate investments in our businesses. Now also remember our businesses are leading businesses in the areas where we choose to compete. Now we are leading in the services we offer our clients were bank of choice for many of those. Therefore, these investments are expected to drive higher revenues and higher returns than any of the businesses we're disposing broadly speaking. What I would like to say, though, about also -- well, additional about revenue growth. I mean Again, we -- the times we've given you of revenue growth year-on-year, rising to 5%. Our foundation or baseline targets we shared in February. We're reiterating now. These are targets for which we run the bank where we're running the bank for the next three years under a range of different scenarios. Of course, if we see opportunities to accelerate and if we see supporting market conditions as we have seen in the first half of this year, you should expect us to be able to beat the targets, including starting in 2026. But we're not changing the foundational baseline target for how we run the bank across a range of scenarios. Pam?""

**Answer (Kaur):** ""Yes. Thank you, Andrew. So firstly, we are not commenting on consensus or giving a cost guidance for 2027. But let me just unbundle a few things. As Georges said, that targets are the baseline to which we manage the bank. We continue to work hard as we have done this year to exceed our targets and we see no change in doing that. If there are good market opportunities, the right hurdle rate and within our risk appetite. So if the outperformance continues or even if we just take the outperformance for the first half on revenues, the starting point for next year will be higher. So therefore, please consider any targets, which we are not changing. They're just half it through the year at the moment will be based on a higher baseline. And then in terms of the overall spend, I've already said that we look at the overall investment opportunities. And this year, the increase through investment inflation was 5%. We said we would accelerate some investments as we go into next year. So that number would be a bit higher. But we do have, obviously, partly offsetting that, and the operator word is, partly, offsetting that, the additional benefits we are getting both in terms of the increased simplification cost, which is $300 million, which goes into next year as well as an addition of the redeployment of costs coming from our divestments. But again, it's very focused spend in areas where we have competitive strategic advantage when we have revenue growth as well as some very strong cost discipline. So in terms of our overall revenue cost story line, nothing should change from here.",,,
98,HSBC,HSBC,"Melissa Kuang, Goldman Sachs","Georges Elhedery, Group CEO / Manveen Kaur, CFO","Just a couple of questions, just back on the NII. Just wondering on the HIBOR moves that we have seen, which is slightly towards the end of the second half of the second quarter. And if you look at the sensitivities that you have put in your Hong Kong dollar sensitivity has fallen by about half since the first quarter. Just can you give some color on what hedges have you taken? And what have you done there? And in terms of when we look at the third quarter and NII, we see any benefits from the HIBOR going in there? And also maybe talk a little bit about the deposit side and any deposit competition and what's going on there that perhaps made you a bit less aggressive in terms of grading your NII guidance? Then the second question is on Wealth. Your net new money appears to remain broadly on track and at the run rate. Can we just maybe give a little bit of understanding in terms of the AUM outside Asia has declined quarter-on-quarter. Maybe some color there. And also, if any of the recent China cross-border rules, is there anything new? Anything we should understand about and also in terms of behavior -- client behavior, is there any changes?","Thank you very much, Melissa. Melissa, I'm going to ask Pam to take two questions, but I'd like first to make some comments on net new money and the deposits. The first one is very strong net new money quarter, both globally and in Asia. Of course, Asia is the leading -- the #1 wealth manager in Asia Asian net new money is very important. They're broad-based. Hong Kong remains a very important center with us -- for us with about $0.5 trillion of Wealth balances and 10% growth of Wealth balances on a year-on-year basis. And in Asia, in total, we manage about $1.1 trillion of Wealth balances. In -- with regards to the cross-border rules, just to make some comments on this. What's important to note is you should expect us to be operating at the high standards of rules and regulation. You should expect us to have all the robust up-to-date procedures for client onboarding. And we actually welcome some of these clarifications that have come in May and June, specifically, the State Council Decree 837, which is intended to provide a clear guidelines for these outbound investments. First, I would believe is that these clarifications are not meant to discourage or restrict cross-border. They meant to provide guidelines on how to conform with the rules. And second, when we look at our client onboarding in May, in June and so far in July, we have seen account opening not affected by these additional onboarding declarations and therefore, remain confident in the medium- to long-term outlook for Hong Kong to be the leading cross-border wealth hub for the planet, but also a very important Wealth hub for the mainland. Pam?""

**Answer (Kaur):** ""Yes. Thank you, Melissa. So firstly, in terms of Hong Kong hedge in the first half of '26. We have increased our Hong Kong hedge. We have looked at new products. We've had some new fixed rate customer lending, so that has helped. And that is again, reduced our sensitivity, as you can see to any rate moves. And of course, HIBOR has moved down to 2.62%. It's been under pressure last few weeks. We saw that a few months ago as well. And just to reiterate, when we give our guidance we look at this short-term volatility in HIBOR as one of the factors to consider in our plausible scenarios. So very comfortable with the overall guidance and the direction of travel we have and we've been working for a while in terms of looking at ways to increase our Hong Kong dollar hedge, and that's working very well now. Now I just want to add, in terms of the net new money, I would just say $25 billion is still a strong number for the quarter and is broadly aligned with our recent quarterly run rates, 8% to 9% annualized. So really nothing more to add on that. Thank you, Melissa.",,,
99,HSBC,HSBC,"Amit Goel, Mediobanca","Georges Elhedery, Group CEO / Manveen Kaur, CFO","Sorry, I just wanted to follow up -- apologies to ask on it again, but just on the cost piece, just to make sure I understand it correctly in terms of the incremental or the acceleration in spend. So is that -- in terms of the accelerated spend, is that more than the kind of $500 million incremental simplification savings or around the same amount? And then, how are you thinking about the payoff from that in terms of will that be kind of benefiting 2028 earnings? Or is this more kind of 2029 to 2030? So really, just trying to understand that a little bit better would be helpful.","Thank you very much, Amit. I'm going to ask Pam to comment on this. Let me just say on the headline, Amit, we are fully committed to cost discipline, we recognize we have fantastic growth opportunities, and we are creating capacity to be able to invest in those growth opportunities. So that is what we're managing as you look forward. But the cost discipline remains steadfast. Pam?""

**Answer (Kaur):** ""Okay. Thank you, Amit. So firstly, the payoffs of the investment we do sometimes comes very quickly, actually intra-year. And I'll draw your attention to some of the additional acceleration of investment we did in our Security Services business last year, which pretty much gave us payoffs and new mandates, both last year and into this year. So the payoffs don't have to wait for 1 or 2 years. These are very quick payoffs and because they are in areas where we are -- already have plans, we have already invested and it's just accelerating as opposed to some de novo new areas. So that's the first point. Now in terms of costs, as I said, that the simplification savings, to be very clear, will partly offset the accelerated costs. So you can expect some shift on that case. However, it will be very much determined based upon where we see the revenue projections and where we see accelerated growth opportunities. And 1 thing we are crystal clear about run the bank cost discipline will not change. And any investment will have to stand in terms of the hurdle rates we have for returns. And that's the competitive process when we look at a range of opportunities, and then we make the choice, whether it's with regard to simplification savings being redeployed or indeed, redeployment of costs coming from divestments.",,,
100,HSBC,HSBC,"Amit Goel, Mediobanca (follow-up)","Georges Elhedery, Group CEO","And sorry, and just to follow up to when we talk about acceleration, does that mean that the following year. So 2028, we would expect to see a drop-down in that investment spend? Or do we just see that continuing beyond '27?","So Amit, we're not giving guidance actually for '27 or '28. But the reason we're saying acceleration is these are investments along our strategic priorities that have been very much earmarked, flagged, we know of them. We know the benefits they can provide. These are not, as Pam said, new initiatives we're coming up with because we have revenue growth. So this is really what we mean is bringing forward some of this investment plan to bring forward the growth opportunity that come with it and allow us to gain market share even faster exactly along those strategic priorities we called out for which we are generating the right returns. Thank you, Amit.",,,
101,HSBC,HSBC,"Kunpeng Ma, China Securities","Georges Elhedery, Group CEO","I have two questions. The first is on the financing demand of the corporate clients. We can see the loan demand is returning. And also, we can also see many of those financing demands are on capital markets. So can we have some outlook on the future trend of the corporate -- of the financing demand of the corporate clients? How can HSBC handle the demand, especially for those on capital markets? Yes. The second is on Hang Seng Bank. I remember George just mentioned that some cases of the synergies like new customer acquisition. So can we have more color on this kind of synergies? And what kind of synergies can we expect in the future between the 2 banks?","Thank you, Kunpeng. I think, Kunpeng, I can take both questions here. So first, we're pleased to see corporate demand, financing demand continue. Actually, we're seeing it now continue in the U.K., and that's a continuation of the trend we've seen in quarter 1, aligned to the ambition of the U.K. to drive growth, and we -- as the U.K.'s leading international bank, very pleased to be supporting this both domestically, but also by bringing international investors into the U.K. But we're also very pleased to see that Hong Kong loans has picked up after many quarters of slowdown or contraction. So this is a very encouraging development for Hong Kong, and we do certainly hope that this is a trend. And our outlook remains very positive on this. And then you called it out very eloquently as well. Capital markets have played a very important role, in particular in Hong Kong, where we've seen practically 50% growth in financing through capital markets, including debt capital markets and IPOs. And we're superbly well positioned to play a very important role with customers as a leading debt financing house but also as a materially growing IPO financing house with now 40 live IPOs that we have in Hong Kong. The substantial increase from previous years and 70 IPOs across ex Asia. So certainly a very encouraging trend, which we hope to see continue. With regards to Hang Seng Bank, so we called out, if you recall, $500 million of reported synergies. These are audited standard -- U.K. audit standards of reported synergies and an additional $400 million of related benefits, which are broadly taking the overall synergies and related items to $900 million, which we are hoping to achieve in full over the next 3 years -- about 3 years. We're more than 80% now live in execution on the various execution work streams of these synergies, therefore, have a high level of confidence in our ability to drive those synergies. We have seen some substantial benefits. I called out earlier, 60,000 new-to-bank customers by gaining the synergies of HSBC is digital onboarding, that's double what Hang Seng Bank was able to onboard in quarter 1, 30,000. This is a clear demonstration of benefits of these synergies. We've also made multiple senior leadership announcements, in particular, in areas of infrastructure, back-office, technology, manufacturing, where now we have a single leadership in Hong Kong across HSBC and Hang Seng to drive alignment and synergies. But I would say, remember, we are net investor in talent and in technology of Hong Kong. Therefore, we do expect that if there are roles and there will be roles impacted by driving these synergies that the individuals have all the retraining and reskilling opportunities to be able to take on jobs in those areas where we invested.",,,
102,HSBC,HSBC,"Katherine Lei, JPMorgan","Georges Elhedery, Group CEO / Manveen Kaur, CFO","I have three questions. The first question is on ECL charges is on asset quality, right? So if we look at the Hong Kong CRE, it does seem like the asset quality trend has stabilized. Do you expect this trend to change or to further improve in the upcoming quarters? And also that we see, it seems like there is no notable overlay related to the Middle East situation that's been taken this quarter, how should we look at the situations with some escalation of the conflict again in the third quarter? Should we be saying that the key portions of the overlay have been taken. And going forward, it will be driven by like, say, Stage 3 loans? So this is on the asset quality side. On the second side, I just want to follow up on the cross-border one, on the China's cross-border regulations. Is the regulators like is the regulators consulting industry players, including HSBC, when they are drafting the details of the individual ODI regulations have been communicating and talking to the regulators on like potential directions of where that regulation is trending to and et cetera? Okay. I will just be with these two questions first.","Thank you, Katherine. I'll take your second question, and Pam can comment on the asset quality. So you would expect case to be in constant engagement with regulators, both in Hong Kong and in the Mainland at all levels. and engaging with them specifically with regards these and any other regulation. So this is a matter of just business as usual, I would say. And remember, we always operate at the highest standards of rules and regulations everywhere we operate specifically for client onboarding, cross-border rules where we have lost procedures. Pam?""

**Answer (Kaur):** ""Thank you, Katherine. So, from an ECL perspective, yes, Hong Kong, very encouraging signs. The top-up on the ECL line was just over $150 million for the quarter. Hong Kong residential is recovering very well, very stabilized now, house price index was up 18% year-on-year, and volumes are also up 36% in the first half year-on-year. Now in terms of retail, on the retail sales, we've seen 13 consecutive growth months growing at 11% year-on-year this year, and this is because of increased tourist activity and also effect of positive growth in Wealth. And offices in terms of the prime areas, it's in a good space because the overall vacancy rates are gradually declining to around 16%. But in Central, they have continued to fall even more vacancy rates down to 10% and rents are up 6% year-to-date. Now having said that, where we see some stress continuing is in pockets like in East Kowloon, where vacancy rates remain elevated at 20% and rents have further slipped by 4%. And that's in the office space and also some in the non-core retail space. So all in all, no new impairments and the real impact in the ECL charge this quarter comes from the pop-ups due to valuation declines in the existing impaired portfolio. And I expect that we'll, of course, watch it very closely and notwithstanding any sort of idiosyncratic kind of a situation, we do believe this is stabilizing very well indeed. Now from a Middle East perspective, I just want to remind you, the $300 million reserve that we built in Q1 still holds we have not released that reserve. That's in line with the policy. We like to see full two clear quarters of stability and -- before we release any of our reserves. So that is continuing. We have looked at small pockets of overlays how we shift and change them at an individual name level or indeed sector and geography level. And the Middle East actual experience we see on the ground has been really quite benign and the ECLs for our Middle East exposures in the Middle East has been very small, much lower than even $100 million number. Overall, of course, what we are very mindful is that pockets of increase in defaults globally, particularly in mid-market, where our exposures are small. Small exposures can also add up and that's contributed to some of the ECL charge for this quarter. And lastly, we are not -- we have now also taken out the very specific scenario we had created for the Middle East because that's now all factored in the downside scenario in terms of the overall economic factors and forward economic guidance.",,,
103,HSBC,HSBC,"Ed Firth, KBW","Georges Elhedery, Group CEO","I've just got two, and they're actually really strategic questions rather than details so probably more for George. But the first one is, if I look at your current strategic direction and comparing you with what looks like it will be the second biggest bank in the U.K. You every sort of week or so, we see a regular announcement of closing parts of the business or selling off parts of your business. And yet in contrast, they are apparently have -- lost the words. An enormous appetite to open in new markets everywhere in the world. So you're selling Australia, they're opening Australia, you're selling Egypt, et cetera. And I'm just trying to understand the sort of logic and how far that goes? Because it just seems to be that much like Egypt is about 120 million people. I mean Surely, HSBC can add value there over time with your expertise, in your banking, and numerous skills. And I'm just wondering sort of how far you want to take this sort of focusing strategy. So -- and try to understand the differences, I guess, between the two. So that's my first question. And then the second question your shares are now really a very valuable currency. And I wonder, is that something you think about when you look at our transactions and opportunities particularly inorganic opportunities around the world. And if it is, where should we think about where you might be interested and where you feel you could have? I think you talked about Wealth Management in the past, but there are other things that perhaps if you wanted to use those shares rather than to buy them back, but to use them for currency, where might we be thinking about the opportunities?","Okay. Ed, thank you very much. So first, maybe on the strategic direction, yes, we're very pleased to be a leading bank in the U.K. if you combine our activities across the ring-fenced bank, the non-ring-fenced bank. And -- we're very pleased to be growing in the U.K. domestically, but also on a cross-border basis. And we are the leading international bank in the U.K. That's also a very important role we play for the U.K. If you look at the strategic direction as a whole, what we're doing is we're focusing the business in those areas where we have market leadership, where we can drive fundamental structural growth and where we can drive good returns for our shareholders. So we want to be very meaningful to our clients. We want to have a structural growth opportunity and we want to drive good returns for our shareholders, and we want to be able to compete and grow our leadership and market share in these areas. We called out four of those. And they're aligned with our four businesses. The U.K., where we're the U.K.'s leading international bank, Hong Kong, where we serve the market through two iconic banks and command twice more deposits than the second pier and are driving growth across a number of areas in an underlying growing economy, given its international role and the role to the mainland as a super connector. And then the Wealth Management business, in particular, with Asia, with booking capabilities also beyond Asia, such as Switzerland and Channel Islands, the U.S., but where we are a leading wealth manager in Asia by wealth balances with $1.1 trillion finally in Corporate and Institutional banking, where we are the world's trade bank. And we're leading in trade, we're leading in global payments with an Asia leading and security services, et cetera. we're certainly leading in terms of the strength of our deposit franchise. So for us, these are the areas we want to make sure we put all our investment, our capital and our capabilities because we're driving great structural growth, we're winning market share. We're driving the good returns, et cetera. Therefore, the rest, we have to make compromises. And the rest where we don't think we are having a leadership position or we can drive the same level of growth. Or better in somebody else's hands who can invest in them, and we can use those costs to reallocate in those areas, we can better revenues, more long-term sustainable growth and better return for shareholders. You called out Egypt specifically. We are very supportive of Egypt wholesale business Egypt is a major network market. Many of our -- vast majority of our international clients have operations in Egypt, and it's very important for us to support them in this space. We don't have this commanding market share and leadership role in Retail. And that's the trade-off we have made. On your second question. Thank you for your description of our shares as a valuable currency. Of course, we are very pleased with the share performance. But as a management team, we're only focusing on the business performance and the share price is a matter for our shareholders to opine on. What is important, both to say is, yes, we will use our share firepower inorganically, but we will use it with a high bar. So first, we have used it with the privatization of Hang Seng, demonstrating that we will use it for good -- for the right opportunities, and we had to pause our share buybacks for three quarters. We are very pleased to have resumed them now. But second, the high bar remains there. And the high bar, basically our criteria, I set out in February 2025, and we're living by those criteria. Without going into detail of this criteria, any acquisition should be accretive to a share buyback, should be fully aligned to strategy, should be enhancing our scale or capabilities and should be easy to integrate and not distracting us from delivering organic growth. If and when we find these opportunities, we will look at them.",,,
104,HSBC,HSBC,"Joe Dickerson, Jefferies","Georges Elhedery, Group CEO / Manveen Kaur, CFO","Gentlemen and ladies. Just on the Corporate growth, both in deposits and loans that you're seeing in Asia Pacific, could you comment on both sides of the balance sheet, the nature of the industries that you're seeing is this broad based? Is it around certain industries? And on the deposit side, is this liquidity, corporate liquidity and are there any particular industries that stand up?","Joe, let me take a stab at your question I'll ask Pam to add any comments she may have. First, on the deposits in the wholesale space and in the corporate space, we are a deposit bank by choice for transactional deposits. We have one of the highest share of CASA deposits for transactional operating purposes. And these are the deposits that we cherish. We do not change deposits with interest rates. These deposits are a testament first to the trust of the clients in our balance sheet. They are also a testament to the breadth of our network where they can use our deposit capabilities, the taking capabilities across a whole range of geographies where they operate. And they're also a testament of our capabilities and expertise for all services around deposits, including cross-border payment and other services we provide on deposits. So -- and you've seen this grow in CIB by 16% year-on-year. We've seen also this growth in the U.K. and in Hong Kong. In terms of loans, the overarching message, I would say, is we are more broad-based compared to some of the activity you've seen in the U.S., which is quite focused on a few sectors relating to AI. We are not a domestic player in the U.S., and therefore, we're not -- you should expect us not to be highly present in these markets as domestic players. Our U.S. business is really an inbound and outbound business where we support American clients across their businesses internationally and international clients for businesses in the U.S. not so much participating domestically in the U.S. Pam, any to add?""

**Answer (Kaur):** ""Yes. Just a couple of things to add. So firstly, on deposits, the trend really has continued quarter-on-quarter. It's very broad-based. It's Hong Kong, it's U.K. It's very strong on the retail side as well as on IWPB. But CIB you do have some short term, as I called out in the script, deposits coming in. So those come and go. But overall, a very solid trend. It comes from also security services, strong performance. Now in terms of loans, I do want to call out that the trade has been a significant driver for CIB. It's been up $6 billion. And for Hong Kong, it's up $4 billion. And then specifically, we've seen more demand coming in technology and institutional sectors. So that's kind of a strong growth you're seeing. But more importantly, in Hong Kong, we are not seeing so much of those early repayments on some of the Hong Kong commercial real estate because that sort of stabilized the gross growth in Hong Kong lending comes straight to the bottom line as net growth. There's no sort of repayments taking that off. And the U.K. market growth from loans has continued, and that's pretty much driven by across the board, large corporates, small and medium as well. But also from a sector perspective, we've gone far beyond the typical high street or real estate based lending. So our sectoral expertise has helped in that.",,,
